577901.58,0.00,0.00,0.00,0.00,0.00,0.00,0.00,0.00,0.00,0.00,0.00,0.00,0.00,0.00,0.00,0.00,0.00,0.00,0.00,404.46,2647.06,825.88,0.00,1.47,0.00,0.00,0.00,0.00,0.00,0.00,1380.87,0.00,0.00,0.00,0.00,0.00,0.00,0.00,0.00,0.00,0.00,10641915.14,0.00,192.07,0.00,0.00,0.00,0.00,0.00,0.00,138.23,0.00,0.00,0.00,0.00,0.00,0.00,0.00,0.00,0.00,0.00,0.00,0.00,0.00,0.00,0.00,0.00,3.07,0.00,0.00,0.00,0.00,0.00,0.00,0.00,0.00,0.00,0.00,0.00,0.00,0.00,0.00,0.00,0.00,0.00,0.00,0.00,0.00,0.00,0.00,36900.09,0.00,0.00,0.00,0.00,0.00,0.00,0.00,0.00,0.00,0.00,0.00,0.00,0.00,508.19,0.00,0.00,0.00,31.23,0.00,0.00
0.00,332814.30,0.00,0.00,0.00,0.00,0.00,0.00,0.00,0.00,0.00,0.00,0.00,0.00,0.00,0.00,0.00,0.00,0.00,0.00,0.00,3228.20,193982.16,0.00,0.00,0.00,0.00,0.00,0.00,0.00,35616.44,5326.20,0.00,0.00,0.00,0.00,0.00,0.00,0.00,1.12,0.00,0.00,0.00,0.00,446316.13,0.00,0.00,0.00,0.00,5.65,382.73,13637.98,0.00,0.00,0.00,0.00,0.00,0.00,0.00,0.00,0.00,0.00,0.00,0.00,0.00,0.00,0.00,0.00,0.00,0.00,0.00,0.00,0.00,0.00,0.00,0.00,0.00,0.00,0.00,0.00,0.00,0.00,0.00,0.00,0.00,0.00,0.00,0.00,0.00,0.00,0.00,0.00,0.00,18709.79,165.53,0.00,437.81,0.00,0.00,0.00,0.00,0.00,0.00,0.00,0.00,91178.42,159.38,1369.36,62.01,156.64,0.00,0.00
0.00,0.00,199366.68,0.00,0.00,0.00,0.00,0.00,0.00,0.00,0.00,0.00,0.00,0.00,0.00,0.00,0.00,0.00,0.00,0.00,43.41,18403.06,82952.22,0.00,0.00,0.00,0.00,0.00,0.00,0.00,3052.80,283.39,0.00,0.00,0.00,0.00,0.00,0.00,0.00,0.00,0.00,0.00,0.00,0.00,137973.71,0.00,0.00,0.00,0.00,0.00,1172.22,12640.84,0.00,0.00,0.00,0.00,0.00,0.00,0.00,0.00,0.00,0.00,0.00,0.00,0.00,0.00,0.00,0.00,0.00,0.00,0.00,0.00,0.00,0.00,0.00,0.00,0.00,0.00,0.00,0.00,0.00,0.00,0.00,0.00,0.00,0.00,0.00,0.00,0.00,0.00,0.00,0.00,0.00,29694.20,92.35,0.00,0.00,0.00,0.00,0.00,0.00,0.00,0.00,0.00,0.00,27499.22,0.00,211.06,94.64,1165.85,0.00,0.00
0.00,0.00,0.00,2271.90,0.00,0.00,0.00,0.00,0.00,0.00,0.00,0.00,0.00,0.00,0.00,0.00,0.00,0.00,0.00,0.00,2.16,14.09,0.00,0.00,0.00,0.00,0.00,0.00,0.00,0.00,1.17,0.00,0.00,0.00,0.00,0.00,0.00,0.00,0.00,0.17,0.00,0.00,0.00,0.00,35.78,4.10,0.00,0.00,0.00,0.00,0.04,5.48,0.00,0.00,0.00,0.00,0.00,0.00,0.00,0.00,0.00,0.00,0.00,0.00,0.00,0.00,0.00,0.00,0.00,0.00,0.00,0.00,0.00,0.00,0.00,0.00,0.00,0.00,0.00,0.00,0.00,0.00,0.00,0.00,0.00,0.00,0.00,0.00,0.00,0.00,0.00,0.00,0.00,760.02,10.77,0.00,42.76,0.00,0.00,0.00,0.00,0.00,0.00,0.00,0.00,1790.46,0.00,13.07,2.77,1.05,0.00,0.00
0.00,0.00,0.00,0.00,36358.84,0.00,0.00,0.00,0.00,0.00,0.00,0.00,0.00,0.00,0.00,0.00,0.00,0.00,0.00,0.00,0.00,136.35,0.00,0.00,0.00,0.00,0.00,0.00,0.00,0.00,0.00,0.00,0.00,0.00,0.00,0.00,0.00,0.00,0.00,0.00,0.00,0.00,0.00,0.00,0.00,221.59,0.00,0.00,2240.78,0.00,7434.97,430.96,0.00,0.00,0.00,0.00,0.00,0.00,0.00,0.00,0.00,0.00,0.00,0.00,0.00,0.00,0.00,0.00,0.00,0.00,0.00,0.00,0.00,0.00,0.00,0.00,0.00,0.00,0.00,0.00,0.00,0.00,0.00,0.00,0.00,0.00,0.00,0.00,0.00,0.00,0.00,0.00,0.00,46135.43,26.78,0.00,29.40,0.00,0.00,0.00,0.00,0.00,0.00,0.00,0.00,9012.88,0.00,49.52,12.31,31.07,0.00,0.00
0.00,0.00,0.00,0.00,0.00,38177.29,0.00,0.00,0.00,0.00,0.00,0.00,0.00,0.00,0.00,0.00,0.00,0.00,0.00,0.00,0.00,612.86,13603.34,43.32,0.00,0.00,0.00,0.00,0.00,0.00,0.00,0.00,0.00,0.00,0.00,0.00,0.00,0.00,0.00,0.00,0.00,0.00,0.00,0.00,1104.59,28.93,0.00,0.00,0.00,0.00,31.19,1288.41,66.09,0.00,0.00,0.00,0.00,0.00,0.00,0.00,0.00,0.00,0.00,0.00,0.00,0.00,0.00,0.00,0.00,0.00,0.00,0.00,0.00,0.00,0.00,0.00,0.00,0.00,0.00,0.00,0.00,0.00,0.00,0.00,0.00,0.00,0.00,0.00,0.00,0.00,0.00,0.00,0.00,3343.64,37.30,0.00,0.00,0.00,0.00,0.00,0.00,0.00,0.00,0.00,0.00,7639.14,0.00,0.00,16.93,0.00,0.00,0.00
0.00,0.00,0.00,0.00,0.00,0.00,2354.09,88.81,0.00,0.00,0.00,0.00,0.00,0.00,0.00,0.00,0.00,0.00,0.00,0.00,0.00,7.45,74.44,0.00,0.00,0.00,0.00,0.00,0.00,0.00,0.00,0.00,0.00,0.00,0.00,0.00,0.00,0.00,0.00,0.00,0.00,0.00,0.00,0.00,9.70,0.40,0.00,0.00,135.18,0.00,69.54,0.77,0.00,0.00,0.00,0.00,0.00,0.00,0.00,0.00,0.00,0.00,0.00,0.00,0.00,0.00,0.00,0.00,0.00,0.00,0.00,0.00,0.00,0.00,0.00,0.00,0.00,0.00,0.00,0.00,0.00,0.00,0.00,0.00,0.00,0.00,0.00,0.00,0.00,0.00,0.00,0.00,0.00,444.78,2.19,0.00,61.74,0.00,0.00,0.00,0.00,0.00,0.00,0.00,0.00,761.81,0.00,3.64,0.97,8.91,0.00,0.00
0.00,0.00,0.00,0.00,0.00,0.00,0.00,109191.82,0.00,0.00,0.00,0.00,0.00,0.00,0.00,0.00,0.00,0.00,0.00,0.00,0.00,527.74,11505.73,0.00,95.87,0.00,0.00,0.00,0.00,0.00,915.25,0.00,0.00,0.00,0.00,0.00,0.00,153.95,0.00,320.53,9.79,0.00,0.00,0.00,0.00,417.84,10792.17,0.00,0.00,0.00,3761.64,5.93,1245.22,0.00,0.00,0.00,0.00,0.00,0.00,0.00,0.00,0.00,0.00,0.00,0.00,0.00,0.00,0.00,12.15,0.00,0.00,0.00,0.00,0.00,0.00,0.00,0.00,0.00,0.00,0.00,0.00,0.00,0.00,0.00,0.00,0.00,0.00,0.00,0.00,0.00,0.00,0.00,0.00,61076.39,754.18,0.00,0.00,0.00,0.00,0.00,0.00,0.00,0.00,0.00,0.00,81585.83,41.23,6915.17,114.90,1377.61,0.00,0.00
0.00,0.00,0.00,0.00,0.00,0.00,0.00,530.52,132914.78,0.00,0.00,0.00,0.00,0.00,0.00,0.00,0.00,0.00,0.00,0.00,0.00,201.17,0.00,0.00,0.00,0.00,0.00,0.00,0.00,0.00,0.00,0.00,0.00,0.00,0.00,0.00,0.00,0.00,0.00,864.15,0.00,0.00,0.00,0.00,0.00,2347.00,0.00,0.00,0.00,0.00,106.02,0.00,25787.57,0.00,0.00,0.00,0.00,0.00,0.00,0.00,0.00,0.00,0.00,0.00,0.00,0.00,0.00,0.00,3.79,0.00,0.00,0.00,0.00,0.00,0.00,0.00,0.00,0.00,0.00,0.00,0.00,0.00,0.00,0.00,0.00,0.00,0.00,0.00,0.00,0.00,0.00,4992.33,0.00,54367.79,16978.19,0.00,0.00,0.00,0.00,0.00,0.00,0.00,0.00,0.00,0.00,212608.67,83.87,28055.58,73.23,4754.44,0.00,0.00
0.00,0.00,0.00,0.00,0.00,0.00,0.00,0.00,0.00,3867.34,0.00,0.00,0.00,0.00,0.00,0.00,0.00,0.00,0.00,0.00,0.00,0.00,0.00,0.00,0.00,0.00,0.00,0.00,0.00,0.00,41.64,0.00,0.00,0.00,0.00,0.00,0.00,0.00,0.00,0.00,0.00,0.00,0.00,1664682.83,400.49,0.00,0.00,0.00,0.00,0.00,2.43,63.86,141.10,0.00,0.00,0.00,0.00,0.00,0.00,0.00,0.00,0.00,0.00,0.00,0.00,0.00,0.00,0.00,0.06,0.00,0.00,0.00,0.00,0.00,0.00,0.00,0.00,0.00,0.00,0.00,0.00,0.00,0.00,0.03,0.00,0.00,0.00,0.00,0.00,0.00,0.00,0.00,0.00,11.70,0.06,0.00,0.00,0.00,0.00,0.00,0.00,0.00,0.00,0.00,0.00,3.86,0.00,0.00,0.00,0.09,0.00,0.00
0.00,0.00,0.00,0.00,0.00,0.00,0.00,0.00,0.00,0.00,2.94,0.00,0.00,0.00,0.00,0.00,0.00,0.00,0.00,0.00,0.00,0.00,0.00,0.00,0.00,0.00,0.00,0.00,0.00,0.00,0.00,0.00,0.00,0.00,0.00,0.00,0.00,0.00,0.00,0.00,0.00,0.00,0.00,0.00,0.00,0.00,0.00,0.00,0.00,0.00,0.00,0.00,0.00,0.00,0.00,0.00,0.00,0.00,0.00,0.00,0.00,0.02,0.00,0.00,0.00,0.00,0.00,0.00,0.02,0.00,2178.78,0.00,0.00,0.00,0.00,0.00,0.00,0.00,0.00,0.00,0.00,0.00,0.00,0.01,0.00,0.00,0.00,0.00,0.00,0.00,0.00,0.00,0.00,0.00,0.00,0.00,0.00,0.00,0.00,0.00,0.00,0.00,0.00,0.00,0.00,0.00,0.00,0.00,0.00,0.00,0.00,0.00
0.00,0.00,0.00,0.00,0.00,0.00,0.00,0.00,0.00,0.00,0.00,14345.50,0.00,0.00,0.00,0.00,0.00,0.00,0.00,0.00,88.38,2533.85,0.00,0.00,0.00,0.00,0.00,0.00,0.00,0.00,0.00,0.00,0.00,0.00,0.00,0.00,0.00,0.00,0.00,0.00,0.00,0.00,0.00,0.00,0.00,0.00,0.00,128330.14,0.00,0.00,151.64,0.74,299.48,0.00,0.00,0.00,0.00,0.00,0.00,0.00,0.00,0.00,0.00,0.00,0.00,0.00,0.00,0.00,0.00,0.00,0.00,0.00,0.00,0.00,0.00,0.00,0.00,0.00,0.00,0.00,0.00,0.00,0.00,0.00,0.00,0.00,0.00,0.00,0.00,0.00,0.00,0.00,0.00,3138.04,79.02,0.00,0.00,0.00,0.00,0.00,0.00,0.00,0.00,0.00,0.00,0.00,0.00,0.00,0.00,0.00,0.00,0.00
0.00,0.00,0.00,0.00,0.00,0.00,0.00,0.00,302.74,0.00,0.00,0.00,7188.22,0.00,0.00,0.00,0.00,0.00,0.00,0.00,0.00,0.00,0.00,0.00,0.00,0.00,0.00,0.00,0.00,0.00,0.00,0.00,0.00,0.00,0.00,0.00,0.00,0.00,0.00,28.30,0.00,122487.00,0.00,0.00,431.71,31.42,8.13,0.00,0.00,0.00,158.91,3.25,0.00,0.00,0.00,0.00,0.00,0.00,0.00,0.00,2.08,0.00,0.00,0.00,0.00,0.00,0.00,8.12,1.27,0.00,0.00,0.00,0.00,0.00,0.00,0.00,0.00,0.00,0.00,0.00,0.00,0.00,0.00,215.59,0.00,0.00,0.00,0.00,0.00,0.00,0.00,187.97,0.00,2948.35,6.77,0.00,78.43,0.00,0.00,0.00,0.00,0.00,0.00,0.00,0.00,2202.84,0.00,21.07,10.43,11.06,0.00,0.00
0.00,0.00,0.00,0.00,0.00,0.00,0.00,0.00,0.00,0.00,0.00,0.00,0.00,1089.39,0.00,0.00,0.00,0.00,0.00,0.00,0.00,0.00,0.00,0.00,0.00,0.00,0.00,0.00,0.00,0.00,0.00,0.00,0.00,0.00,0.00,0.00,0.00,0.00,0.00,0.00,0.00,427022.52,0.00,0.00,0.00,0.00,0.00,0.00,0.00,0.00,0.00,0.00,0.00,0.00,0.00,0.00,0.00,0.00,0.00,0.00,0.00,0.00,0.00,0.00,0.00,0.00,0.00,0.00,54.02,0.00,0.00,0.00,0.00,0.00,0.00,0.00,0.00,0.00,0.00,0.00,0.00,0.00,0.00,0.00,0.00,0.00,0.00,0.00,0.00,0.00,0.00,0.00,0.00,0.00,0.00,0.00,0.00,0.00,0.00,0.00,0.00,0.00,0.00,0.00,0.00,0.00,0.00,0.00,0.00,0.00,0.00,0.00
0.00,0.00,0.00,0.00,0.00,0.00,0.00,0.00,0.00,0.00,0.00,0.00,0.00,0.00,206475.18,0.00,0.00,0.00,0.00,0.00,0.00,0.00,0.00,0.00,0.00,0.00,0.00,0.00,0.00,0.00,0.00,0.00,0.00,0.00,0.00,0.00,0.00,0.00,0.00,0.00,0.00,0.00,0.00,0.00,0.00,11028.13,0.00,0.00,0.00,327439.26,0.00,0.00,39112.68,0.00,0.00,0.00,0.00,0.00,0.00,0.00,0.00,0.00,0.00,0.00,0.00,0.00,0.00,0.00,0.00,0.00,0.00,0.00,0.00,0.00,0.00,0.00,0.00,0.00,0.00,0.00,0.00,0.00,0.00,0.00,0.00,0.00,0.00,0.00,0.00,0.00,0.00,0.00,0.00,91325.33,0.00,0.00,0.00,0.00,0.00,0.00,0.00,0.00,0.00,0.00,0.00,0.00,0.00,0.00,0.00,0.00,0.00,0.00
0.00,0.00,0.00,0.00,0.00,0.00,0.00,0.00,0.00,0.00,0.00,0.00,0.00,0.00,0.00,147648.22,0.00,0.00,0.00,0.00,0.00,0.00,0.00,0.00,0.00,0.00,0.00,0.00,0.00,0.00,0.00,0.00,0.00,0.00,0.00,0.00,0.00,0.00,0.00,0.00,0.00,0.00,0.00,0.00,0.00,14218.66,0.00,0.00,0.00,0.00,33456.36,0.00,0.00,707.52,0.00,0.00,0.00,0.00,0.00,0.00,0.00,0.00,0.00,0.00,0.00,0.00,0.00,0.00,14393.68,0.00,0.00,0.00,0.00,0.00,0.00,0.00,0.00,0.00,0.00,0.00,0.00,0.00,0.00,3062.10,0.00,0.00,0.00,0.00,0.00,0.00,0.00,0.00,0.00,41433.77,875.74,0.00,0.00,0.00,0.00,0.00,0.00,0.00,0.00,0.00,0.00,0.00,0.00,0.00,0.00,0.00,0.00,0.00
0.00,0.00,0.00,0.00,0.00,0.00,0.00,0.00,0.00,0.00,0.00,0.00,0.00,0.00,0.00,0.00,712.27,0.00,0.00,0.00,0.00,0.00,0.00,0.00,0.00,0.00,0.00,0.00,0.00,0.00,0.00,0.00,0.00,0.00,0.00,0.00,0.00,0.00,0.00,0.00,0.00,0.00,0.00,0.00,0.00,0.00,0.00,0.00,1029.95,0.00,1.26,0.00,0.00,0.00,0.00,0.00,0.00,0.00,0.00,0.00,0.00,0.00,0.00,0.00,0.00,0.00,0.00,0.00,0.23,0.00,0.00,0.00,0.00,0.00,0.00,0.00,0.00,0.00,0.00,0.00,0.00,0.00,0.00,0.00,0.00,0.00,0.00,0.00,0.00,0.00,0.00,0.00,0.00,11.90,0.00,0.00,0.00,0.00,0.00,0.00,0.00,0.00,0.00,0.00,0.00,0.00,0.00,0.48,0.00,0.00,0.00,0.00
0.00,0.00,0.00,0.00,0.00,0.00,0.00,0.00,0.00,0.00,0.00,0.00,0.00,0.00,0.00,0.00,0.00,14189.16,0.00,0.00,0.00,0.00,0.00,0.00,0.00,0.00,0.00,0.00,0.00,0.00,0.00,0.00,0.00,0.00,0.00,0.00,0.00,0.00,0.00,598.54,0.00,0.00,0.00,0.00,0.00,35.97,0.00,0.00,99836.65,0.00,1847.76,0.00,0.00,0.00,0.00,0.00,0.00,0.00,0.00,0.00,0.00,0.00,0.00,0.00,0.00,0.00,0.00,0.00,262.17,0.00,0.00,0.00,0.00,0.00,0.00,0.00,0.00,0.00,0.00,0.00,0.00,0.00,0.00,0.00,0.00,0.00,0.00,0.00,0.00,0.00,0.00,0.00,0.00,23919.63,0.00,0.00,0.00,0.00,0.00,0.00,0.00,0.00,0.00,0.00,0.00,0.00,0.00,1231.42,0.00,0.00,0.00,0.00
0.00,0.00,0.00,0.00,0.00,0.00,0.00,0.00,0.00,0.00,0.00,0.00,0.00,0.22,0.00,0.00,11908.32,0.00,14621.78,0.00,10.47,68.16,0.00,0.00,0.00,0.00,0.00,0.00,0.00,0.00,0.00,46.20,0.00,0.00,0.00,0.00,0.00,220.31,0.00,0.76,3.08,0.00,0.00,0.00,44.57,17.60,3133.30,92.95,577044.17,3.68,40.13,4.45,6569.50,24.60,878.14,0.00,4257.67,41764.92,14.42,0.00,6374.63,0.00,0.00,0.00,2.66,5212.16,0.00,6.49,246.42,0.00,0.00,0.00,0.00,0.00,0.00,0.00,0.00,0.00,0.00,0.00,0.00,0.00,0.00,542.07,0.00,0.00,0.00,0.00,0.00,0.00,0.00,0.00,0.00,942.27,24.78,0.00,40.49,0.00,0.00,0.00,0.00,0.00,0.00,0.00,0.00,3708.67,57.89,26.73,5.42,0.00,0.00,0.00
0.00,0.00,0.00,0.00,0.25,0.00,0.00,0.00,0.00,0.00,0.00,0.00,0.07,0.00,0.00,0.00,0.00,0.00,0.00,0.11,0.00,0.02,0.14,0.00,0.00,0.00,0.00,0.00,0.00,0.00,0.00,0.00,0.00,0.00,0.00,0.00,0.00,0.00,0.00,0.00,0.00,0.00,0.00,0.00,0.00,0.00,0.00,0.00,0.00,0.00,0.00,0.01,0.00,0.00,0.00,0.00,0.00,0.00,0.00,0.00,0.00,0.00,0.00,0.00,0.00,0.00,0.00,0.00,0.04,0.00,0.00,0.00,0.00,0.00,0.00,0.00,0.00,0.00,0.00,0.00,0.00,0.00,0.00,0.00,0.00,0.00,0.00,0.00,0.00,0.00,0.00,0.00,0.00,0.06,0.00,0.11,0.00,0.00,0.00,0.00,0.00,0.00,0.00,0.00,0.00,0.45,0.58,0.09,0.00,0.50,0.21,0.00
0.00,0.00,0.00,0.00,0.00,0.00,0.00,0.00,0.00,0.00,0.00,0.00,0.00,0.00,0.00,0.00,0.00,0.00,0.00,0.00,179836.24,0.00,0.00,0.00,0.00,0.00,0.00,0.00,0.00,0.00,0.00,0.00,0.00,0.00,0.00,0.00,0.00,608401.17,12992.78,0.00,0.00,0.00,0.00,0.00,0.00,0.00,0.00,0.00,0.00,0.00,0.00,0.00,0.00,0.00,0.00,0.00,0.00,0.00,0.00,0.00,0.00,0.00,0.00,0.00,0.00,0.00,0.00,0.00,0.00,0.00,0.00,0.00,0.00,0.00,0.00,0.00,0.00,0.00,0.00,0.00,0.00,0.00,0.00,0.00,0.00,0.00,0.00,0.00,0.00,0.00,0.00,0.00,0.00,0.00,0.00,0.00,0.00,0.00,0.00,0.00,0.00,0.00,0.00,0.00,0.00,0.00,0.00,0.00,0.00,0.00,0.00,0.00
30138.65,33939.04,13253.15,8867.12,864.53,151.83,1842.80,5262.78,12277.27,1722.28,0.05,0.43,58.62,486.78,5.01,4.11,9337.68,83.20,459.72,274.67,32.43,211.11,0.00,0.00,0.00,0.00,0.00,0.00,0.00,0.00,0.00,9983.02,0.00,0.00,0.00,0.00,0.00,0.00,5.26,0.00,0.00,0.00,0.00,0.00,0.00,46.01,0.00,0.00,0.00,0.00,917.86,0.00,273.21,0.00,0.00,0.00,0.00,0.00,0.00,0.00,399.18,15.98,0.00,0.00,0.00,0.00,0.00,0.00,0.17,0.00,0.00,0.00,0.00,0.00,0.00,0.00,0.00,0.00,0.00,0.00,0.00,0.00,0.00,2.50,0.00,0.00,0.00,0.00,0.00,0.00,0.00,0.00,0.00,1122.30,137.12,0.00,45.40,0.00,0.00,0.00,0.00,0.00,0.00,0.00,0.00,8243.06,0.00,436.96,14.93,118.69,0.00,0.00
0.00,0.73,1.35,0.15,0.08,0.02,0.00,5.54,10.82,0.00,0.00,0.00,0.00,0.00,0.00,0.03,0.00,0.00,1.03,0.00,0.02,0.11,151.45,0.00,0.13,0.00,0.00,1.83,0.36,0.00,0.70,0.00,0.00,0.00,0.00,0.00,0.00,0.21,0.01,0.00,0.00,0.00,0.00,0.00,0.00,2.00,5.98,0.00,0.00,0.00,1.13,0.00,0.00,0.00,0.00,0.00,0.00,0.00,0.00,0.00,0.00,0.00,0.00,0.00,0.00,0.00,0.00,0.02,0.03,0.00,0.00,0.00,0.00,0.00,0.00,0.00,0.00,0.00,0.00,0.00,0.00,0.00,0.00,2.02,0.00,0.00,0.00,0.00,0.00,0.00,0.00,0.00,0.00,30.95,1.43,0.00,4.53,0.00,0.00,0.00,0.00,0.00,0.00,0.00,0.00,64.25,0.00,4.50,0.25,0.00,0.00,0.00
0.00,0.00,0.00,0.00,0.00,0.00,0.00,0.00,0.00,0.00,0.00,0.00,0.00,0.00,0.00,0.00,0.00,0.00,0.00,0.00,0.00,0.00,0.00,2.04,0.00,0.00,0.00,0.00,0.00,0.00,0.00,0.00,0.00,0.00,0.00,0.00,0.00,0.00,0.00,0.00,0.00,0.00,0.00,0.00,0.00,0.00,0.00,0.00,0.00,0.00,0.00,0.00,0.00,0.00,0.00,1817.26,0.00,0.00,0.00,0.00,0.00,0.00,0.00,0.00,0.00,0.00,0.00,0.00,0.00,0.00,0.00,0.00,0.00,0.00,0.00,0.00,0.00,0.00,0.00,0.00,0.00,0.00,0.00,0.00,0.00,0.00,0.00,0.00,0.00,0.00,0.00,0.00,0.00,0.00,0.00,0.00,0.00,0.00,0.00,0.00,0.00,0.00,0.00,0.00,0.00,0.00,0.00,0.00,0.00,0.00,0.00,0.00
0.00,0.00,0.00,0.00,0.00,0.00,0.00,0.00,0.00,0.00,0.00,0.00,0.00,0.00,0.00,0.00,0.00,0.00,0.00,0.00,0.00,0.00,0.00,0.00,0.00,0.00,0.00,0.00,0.00,0.00,0.00,0.00,0.00,0.00,0.00,0.00,0.00,0.00,0.00,0.00,0.00,0.00,0.00,0.00,0.00,0.00,0.00,0.00,0.00,0.00,0.00,0.00,0.00,0.00,0.00,0.00,0.00,0.00,0.00,0.00,0.00,0.00,0.00,0.00,0.00,0.00,0.00,0.00,1893.70,0.00,0.00,0.00,0.00,0.00,0.00,0.00,0.00,0.00,0.00,0.00,0.00,0.00,0.00,0.00,0.00,0.00,0.00,0.00,0.00,0.00,0.00,0.00,0.00,0.00,0.00,0.00,0.00,0.00,0.00,0.00,0.00,0.00,0.00,0.00,0.00,0.00,0.00,0.00,0.00,0.00,0.00,0.00
16.37,29.05,13.96,33.70,3.06,0.90,6.57,0.58,2.59,113.67,0.20,1.33,20.86,6.08,0.46,0.62,174.10,4.07,11.02,29.45,0.65,4.21,7.47,0.00,0.00,645.86,75.09,418.72,0.26,0.00,73.62,0.00,0.00,0.00,0.00,1.23,162.36,0.00,0.00,0.00,0.52,5.56,11.35,0.00,0.00,0.00,0.00,0.00,0.00,0.00,0.13,0.00,0.00,0.00,0.00,0.00,0.00,0.00,0.00,0.00,0.00,0.00,25038.73,71500.92,3856.60,717.74,671.87,0.00,3.63,0.00,0.00,0.00,0.47,0.00,0.00,0.00,32.96,39.25,0.00,0.57,52.46,0.00,0.00,1.03,0.00,0.00,4628.90,136.53,2910.77,215.15,1749.11,5.05,0.00,7.84,2.32,0.00,0.00,0.00,0.00,0.00,0.00,0.00,0.00,0.00,0.00,19.70,2.07,0.50,0.00,0.00,0.00,0.00
0.00,0.00,0.00,0.00,0.00,2.55,0.00,1.16,0.00,0.00,0.01,0.00,0.00,0.00,0.00,0.00,0.00,0.00,0.00,0.23,0.01,0.03,1.99,0.00,0.00,29.10,693.24,1452.17,29.48,0.00,135.70,0.00,0.00,0.00,0.00,0.00,0.00,0.00,0.00,0.00,0.00,45.47,0.00,0.00,0.02,0.00,0.00,0.00,0.00,0.00,0.00,0.00,0.63,0.00,0.00,0.00,0.00,1228.78,0.00,0.00,0.00,6.66,5815.66,0.00,35.93,2973.15,0.00,0.01,5.44,0.00,0.00,0.00,0.00,0.00,0.00,0.00,0.00,0.00,0.00,0.00,0.00,0.00,0.00,61.96,0.00,0.00,1100.09,8.30,0.00,0.00,0.00,0.00,0.00,97.76,1.21,0.00,0.00,0.00,0.00,0.00,0.00,0.00,0.00,0.00,0.00,4.41,0.00,0.00,0.17,0.11,51.13,0.00
0.00,0.00,0.00,0.00,0.00,0.00,0.00,0.00,0.00,0.00,0.00,0.00,0.00,0.00,0.00,0.00,0.00,0.00,0.00,0.00,0.00,0.00,0.00,0.00,0.00,0.00,0.00,14440.39,0.00,0.00,0.00,0.00,0.00,0.00,0.00,0.00,0.00,0.00,0.00,0.00,1365944.61,465.44,0.00,0.00,0.00,55.65,0.00,0.00,0.00,0.00,161.95,32.86,0.00,0.00,0.00,0.00,0.00,0.00,0.00,0.00,0.00,0.00,0.00,0.00,0.00,0.00,0.00,0.00,7.13,0.00,0.00,0.00,0.00,0.00,0.00,0.00,0.00,0.00,0.00,0.00,0.00,0.00,0.00,1976.47,0.00,0.00,0.00,0.00,0.00,0.00,0.00,0.00,0.00,145170.62,2586.04,0.00,5593.55,0.00,0.00,0.00,0.00,0.00,0.00,0.00,0.00,63632.39,0.00,1604.17,581.77,0.00,0.00,0.00
0.00,0.00,0.00,0.00,0.00,0.00,0.00,0.00,0.00,0.00,0.00,0.00,0.00,0.00,0.00,0.00,0.00,0.00,0.00,0.00,0.00,0.00,0.00,0.00,0.00,0.00,0.00,15168.72,211687.81,0.00,0.00,240.25,0.00,0.00,0.00,0.00,0.00,0.00,0.00,0.00,328146.56,0.00,0.00,0.00,0.00,0.00,1512.80,0.00,0.00,0.00,6.12,34.91,0.00,0.00,0.00,0.00,0.00,0.00,0.00,0.00,0.00,0.00,0.00,0.00,0.00,0.00,0.00,0.00,0.00,0.00,0.00,0.00,0.00,0.00,0.00,0.00,0.00,0.00,0.00,0.00,0.00,0.00,0.00,8.12,0.00,0.00,0.00,0.00,0.00,0.00,0.00,0.00,0.00,11124.81,875.10,0.00,373.01,0.00,0.00,0.00,0.00,0.00,0.00,0.00,0.00,17282.83,0.00,941.48,59.54,0.00,0.00,0.00
0.00,0.00,0.00,0.00,0.00,0.00,0.00,0.00,0.00,0.00,0.00,0.00,0.00,0.00,0.00,0.00,0.00,0.00,0.00,0.00,0.00,0.00,0.00,0.00,0.00,0.00,0.00,0.00,0.00,25767.15,0.00,0.00,0.00,0.00,0.00,0.00,0.00,0.00,0.00,0.00,19519.15,0.00,0.00,0.00,0.00,0.00,0.00,0.00,0.00,0.00,0.00,0.00,0.00,0.00,0.00,0.00,0.00,0.00,0.00,0.00,0.00,0.00,0.00,0.00,0.00,0.00,0.00,0.00,0.00,0.00,0.00,0.00,0.00,0.00,0.00,0.00,0.00,0.00,0.00,0.00,0.00,0.00,0.00,0.00,0.00,0.00,0.00,0.00,0.00,0.00,0.00,0.00,0.00,64339.03,0.00,0.00,0.00,0.00,0.00,0.00,0.00,0.00,0.00,0.00,0.00,0.00,0.00,0.00,0.00,0.00,0.00,0.00
0.00,0.00,0.00,0.00,0.00,0.00,0.00,0.00,0.00,0.00,0.00,0.00,0.00,0.00,0.00,0.00,0.00,0.00,0.00,0.00,0.00,0.00,0.00,0.00,0.00,0.00,0.00,0.00,0.00,0.00,64720.77,0.00,0.00,0.00,0.00,0.00,0.00,0.00,0.00,0.00,21495.95,0.00,0.00,0.00,0.00,0.00,0.00,0.00,0.00,0.00,0.05,1.83,0.00,0.00,0.00,0.00,0.00,0.00,0.00,0.00,0.00,0.00,0.00,0.00,0.00,0.00,0.00,0.00,0.00,0.00,0.00,0.00,0.00,0.00,0.00,0.00,0.00,0.00,0.00,0.00,0.00,0.00,0.00,0.00,0.00,0.00,0.00,0.00,0.00,0.00,0.00,0.00,0.00,30031.94,246.69,0.00,298.23,0.00,0.00,0.00,0.00,0.00,0.00,0.00,0.00,7131.93,0.00,26.02,15.15,0.89,0.00,0.00
86593.28,5583.53,484.14,1415.98,220.21,177.39,109.62,235.12,594.68,7714.96,115.85,42.93,3596.36,7300.16,24.94,8.88,3785.44,93.08,312.65,94.18,37.77,351.88,831.73,0.00,21.00,7898.23,4304.09,92409.10,4742.91,0.00,7611.73,9.55,0.00,0.00,0.00,0.00,0.00,0.00,0.00,0.00,0.00,0.00,0.00,0.00,0.00,0.00,0.00,0.00,0.00,0.00,0.00,0.00,0.00,0.00,0.00,0.00,0.00,0.00,0.00,0.00,0.00,0.00,0.00,0.00,0.00,0.00,0.00,0.00,0.00,0.00,0.00,0.00,0.00,0.00,0.00,0.00,0.00,0.00,0.00,0.00,0.00,0.00,0.00,0.00,0.00,0.00,0.00,0.00,0.00,0.00,0.00,0.00,0.00,0.00,0.00,0.00,0.00,0.00,0.00,0.00,0.00,0.00,0.00,0.00,0.00,0.00,0.00,0.00,0.00,0.00,0.00,0.00
0.00,0.00,0.00,0.00,0.00,0.00,0.00,0.00,0.00,0.00,0.00,0.00,0.00,0.00,0.00,0.00,0.00,0.00,0.00,0.00,0.00,0.00,0.00,0.00,0.00,0.00,0.00,0.00,0.00,0.00,0.00,0.00,1587.92,0.00,0.00,0.00,0.00,0.00,0.00,0.00,0.00,0.02,0.00,0.00,0.00,0.00,0.00,0.00,0.00,0.00,0.00,0.00,0.00,0.00,0.00,0.00,0.00,0.00,0.00,0.00,0.00,0.00,0.00,0.00,0.00,0.00,0.00,0.00,0.00,0.00,0.00,0.68,0.00,0.00,0.00,0.00,0.00,0.00,0.00,0.00,0.00,0.00,0.00,0.00,327373.96,0.00,0.00,0.00,0.00,0.00,0.00,0.00,0.00,0.00,0.00,0.00,0.00,0.00,0.00,0.00,0.00,0.00,0.00,0.00,0.00,0.00,0.00,0.00,0.00,0.00,0.00,0.00
0.00,0.00,0.00,0.00,0.00,0.00,0.00,0.00,0.00,0.00,0.00,0.00,0.00,0.00,0.00,0.00,0.00,0.00,0.00,0.00,0.00,0.00,0.00,0.00,0.00,0.00,0.00,0.00,0.00,0.00,0.00,0.00,0.00,0.00,0.00,0.00,0.00,0.00,0.00,0.00,0.00,0.00,0.00,0.00,0.00,0.00,0.00,0.00,0.00,0.00,0.00,0.00,0.00,0.00,0.00,0.00,0.00,0.00,0.00,0.00,0.00,0.00,0.00,0.00,0.00,0.00,0.00,0.00,0.00,0.00,0.00,0.00,0.00,0.00,0.00,0.00,0.00,0.00,0.00,0.00,0.00,0.00,0.00,0.00,0.00,0.00,0.00,0.00,0.00,0.00,0.00,0.00,0.00,0.00,0.00,0.00,0.00,0.00,0.00,0.00,0.00,0.00,0.00,0.00,0.00,0.00,0.00,0.00,0.00,0.00,0.00,0.00
0.00,0.00,0.00,0.00,0.00,0.00,0.00,0.00,0.00,0.00,0.00,0.00,0.00,9.41,0.00,0.00,0.00,0.00,0.00,0.00,0.00,0.00,0.00,0.00,0.00,0.00,0.00,0.00,0.00,0.00,0.00,0.00,0.00,362394.91,0.00,0.00,0.00,0.00,0.00,0.00,0.00,0.00,0.00,0.00,0.00,0.00,0.00,0.00,0.00,0.00,0.00,0.00,0.00,0.00,0.02,0.00,0.00,0.00,0.00,0.00,0.00,0.00,0.00,0.00,0.00,0.00,0.00,0.00,0.00,0.00,0.00,0.00,0.00,0.00,0.00,0.00,5.91,0.00,0.00,0.11,0.00,0.00,0.00,0.00,0.00,0.00,0.00,0.00,0.00,0.00,0.00,0.00,0.00,0.00,0.00,0.00,0.00,0.00,0.00,0.00,0.00,0.00,0.00,0.00,0.00,0.00,0.00,0.00,0.00,0.00,0.00,0.00
0.00,0.00,0.00,0.00,0.00,0.00,0.00,0.00,0.00,0.00,0.00,0.00,0.00,0.00,0.00,0.00,0.00,0.00,0.00,0.00,1.20,7.85,0.00,0.00,0.00,0.00,0.00,0.00,0.00,0.00,0.00,0.00,0.00,0.00,0.00,0.00,0.00,0.92,0.00,0.07,1917.67,127.62,0.00,0.00,0.00,255.83,523.88,84.80,0.00,0.00,495.44,2.13,0.00,0.00,0.00,0.00,0.00,0.00,0.00,0.00,0.00,0.00,0.00,0.00,0.00,0.00,0.00,0.00,13.70,0.00,0.00,0.00,0.00,0.00,0.00,0.00,0.00,0.00,0.00,0.00,0.00,0.00,0.00,0.00,0.00,0.00,0.00,0.00,0.00,0.00,0.00,2887.07,0.00,4.57,0.00,0.00,0.00,0.00,0.00,0.00,0.00,0.00,0.00,0.00,0.00,11.20,0.00,0.00,0.13,0.00,0.00,0.00
0.00,0.00,0.00,0.00,0.00,0.00,0.00,0.00,0.00,0.00,0.00,0.00,0.00,0.00,0.00,0.00,0.00,0.00,0.00,0.00,0.00,0.00,0.00,0.00,0.00,0.00,0.00,0.00,0.00,0.00,0.00,0.00,0.00,0.00,0.00,0.00,4766.34,0.00,0.00,0.00,0.00,0.00,0.00,0.00,0.00,0.00,0.00,0.00,0.00,0.00,0.00,0.00,0.00,0.00,0.00,0.00,0.00,0.00,0.00,0.00,0.00,0.00,0.00,0.00,0.00,0.00,1355.29,4.22,0.00,0.00,0.00,0.00,825.34,152951.76,0.00,0.00,3730.84,0.00,0.00,45.45,0.00,0.00,0.00,282.65,0.00,0.00,114485.44,6303.48,551545.33,1798.32,72767.03,0.00,0.00,0.00,0.00,0.00,0.00,0.00,0.00,0.00,0.00,0.00,0.00,0.00,0.00,0.00,0.00,0.00,0.00,0.00,0.00,0.00
0.00,0.00,0.00,0.00,0.00,0.00,0.00,0.00,0.00,0.00,0.00,0.00,0.00,0.00,0.00,0.00,0.00,0.00,0.00,0.00,0.00,0.00,0.00,0.00,0.00,0.00,0.00,0.00,0.00,0.00,0.00,0.00,0.00,0.00,0.00,0.00,0.00,7677.47,0.00,0.00,0.00,0.00,0.00,0.00,0.00,247.22,0.00,0.00,0.00,0.00,0.00,12038.52,0.00,0.00,0.00,0.00,0.00,0.00,0.00,0.00,0.00,0.00,0.00,0.00,0.00,0.00,0.00,0.00,0.00,0.00,0.00,0.00,0.00,0.00,0.00,0.00,0.00,0.00,0.00,0.00,0.00,0.00,0.00,0.00,0.00,0.00,0.00,0.00,0.00,0.00,0.00,0.00,0.00,61063.24,15452.06,0.00,58045.14,0.00,0.00,0.00,0.00,0.00,0.00,0.00,0.00,98824.26,0.00,7874.75,0.00,0.00,0.00,0.00
0.00,0.00,0.00,0.00,0.00,0.00,0.00,0.00,0.00,0.00,0.00,0.00,0.00,0.00,0.00,0.00,0.00,0.00,0.00,0.00,0.07,0.44,0.00,0.00,0.00,0.00,0.00,0.00,0.00,0.00,0.00,0.00,0.00,0.00,0.00,0.00,0.00,661.95,0.00,0.00,0.00,0.00,0.00,0.00,0.00,91.38,0.00,0.00,0.00,0.00,5.05,0.00,0.00,0.00,0.00,0.00,0.00,0.00,0.00,0.00,0.00,0.00,0.00,0.00,0.00,0.00,0.00,0.00,0.00,0.00,0.00,0.00,0.00,0.00,0.00,0.00,0.00,0.00,0.00,0.00,0.00,0.00,0.00,78.64,0.00,0.00,0.00,0.00,0.00,0.00,0.00,0.00,0.00,8440.94,287.30,0.00,450.20,0.00,0.00,0.00,0.00,0.00,0.00,0.00,0.00,17783.02,0.00,1461.84,24.48,647.41,0.00,0.00
0.00,0.00,0.00,0.00,0.00,0.00,0.00,0.00,0.00,0.00,0.00,0.00,0.00,0.00,0.00,0.00,0.00,0.00,0.00,0.00,0.00,0.00,0.00,0.00,0.00,0.00,0.00,0.00,0.00,0.00,0.00,0.00,0.00,0.00,0.00,0.00,0.00,0.40,0.00,0.00,0.00,0.00,0.00,0.00,0.00,0.39,0.17,0.00,0.27,0.00,0.53,0.00,0.06,0.00,0.00,0.00,0.00,0.00,0.00,0.00,0.00,0.00,0.00,0.00,0.00,0.00,0.00,0.00,0.01,0.00,0.00,0.00,0.00,0.00,0.00,0.00,0.00,0.00,0.00,0.00,0.00,0.00,0.00,0.00,0.00,0.00,0.00,0.00,0.00,0.00,0.00,0.00,0.00,4.80,3.24,0.00,8.56,0.00,0.00,0.00,0.00,0.00,0.00,0.00,0.00,16.40,0.00,0.72,0.03,0.00,0.00,0.00
0.00,0.00,0.00,0.00,0.00,0.00,0.00,0.00,0.00,0.00,0.00,0.00,0.00,0.00,0.00,0.00,0.00,0.00,0.00,0.00,0.00,0.00,7443.66,0.00,0.00,0.00,0.00,0.00,0.00,0.00,0.00,0.00,0.00,0.00,0.00,0.00,0.00,0.00,0.00,0.00,15087.08,0.00,0.00,0.00,0.00,19.58,0.00,0.00,0.00,0.00,1519.29,1926.57,0.00,0.00,0.00,0.00,0.00,0.00,0.00,0.00,0.00,0.00,0.00,0.00,0.00,0.00,0.00,0.00,0.00,0.00,0.00,0.00,0.00,0.00,0.00,0.00,0.00,0.00,0.00,0.00,0.00,0.00,0.00,0.00,0.00,0.00,0.00,0.00,0.00,0.00,0.00,0.00,0.00,43889.57,1369.84,0.00,10149.53,0.00,0.00,0.00,0.00,0.00,0.00,0.00,0.00,48314.89,0.00,245.52,188.18,0.00,0.00,0.00
0.00,0.00,0.00,0.00,0.00,0.00,0.00,0.00,0.00,0.00,0.00,0.00,1592.19,0.00,0.00,0.00,0.00,0.00,0.00,0.00,431.85,1662.82,15067.57,0.00,0.00,0.00,0.00,372.31,0.00,0.00,6830.76,0.00,0.00,0.00,0.00,0.00,0.00,1991.85,0.00,0.00,8.26,2606860.73,0.00,0.00,0.00,39524.99,38356.88,21.47,0.00,0.00,14964.17,0.00,0.00,0.00,0.00,0.00,0.00,0.00,0.00,0.00,0.00,46.70,0.00,0.00,0.00,0.00,0.00,0.00,4031.77,0.00,0.00,0.00,0.00,0.00,0.00,0.00,0.00,0.00,0.00,0.00,0.00,0.00,0.00,0.00,0.00,0.00,0.00,0.00,0.00,0.00,0.00,8728.91,0.00,169682.01,2710.34,0.00,1030.31,0.00,0.00,0.00,0.00,0.00,0.00,0.00,0.00,48740.94,0.00,2812.17,412.57,591.05,64.90,0.00
0.00,0.00,0.00,0.00,0.00,0.00,0.00,0.00,0.00,0.00,0.00,0.00,0.00,0.00,0.00,0.00,0.00,0.00,0.00,0.00,931.84,4281.01,109701.74,218.61,1230.46,0.00,0.00,0.00,0.00,0.00,18185.63,777.59,0.00,0.00,0.00,0.00,0.00,0.00,0.00,0.00,0.02,0.00,162584.04,0.00,91514.25,1542.10,47408.48,0.00,0.00,0.00,4087.26,3636.33,353.92,0.00,0.00,0.00,0.00,0.00,0.00,0.00,0.00,0.00,0.00,0.00,0.00,0.00,0.00,0.00,63.77,0.00,0.00,0.00,0.00,0.00,0.00,0.00,0.00,0.00,0.00,0.00,0.00,0.00,0.00,0.00,0.00,0.00,0.00,0.00,0.00,0.00,0.00,0.00,0.00,202508.03,27348.49,0.00,23420.05,0.00,0.00,0.00,0.00,0.00,0.00,0.00,0.00,320004.25,0.00,21768.15,2718.82,0.00,0.00,0.00
0.00,0.00,0.00,0.00,0.00,0.00,0.00,0.00,0.00,0.00,0.00,0.00,0.00,0.00,0.00,0.00,0.00,0.00,0.00,0.00,0.00,0.00,0.00,0.00,0.00,0.00,0.00,0.00,0.00,0.00,0.00,0.00,0.00,0.00,0.00,0.00,0.00,0.11,0.00,0.00,0.02,0.00,0.00,1251.84,0.00,43.50,3489.33,0.00,0.03,0.00,2.77,0.00,0.00,0.00,0.00,0.00,0.00,0.00,0.00,0.00,0.00,0.00,0.00,0.00,0.00,0.00,0.00,0.00,0.00,0.00,0.00,0.00,0.00,0.00,0.00,0.00,0.00,0.00,0.00,0.00,0.00,0.00,0.00,0.00,0.00,0.00,0.00,0.00,0.00,0.00,0.00,0.00,0.00,82.67,1.57,0.00,2.86,0.00,0.00,0.00,0.00,0.00,0.00,0.00,0.00,16.16,0.00,0.28,0.12,0.00,0.00,0.00
0.00,0.00,0.00,0.00,0.00,0.00,0.00,0.00,0.00,0.00,0.00,0.00,0.00,0.00,0.00,0.00,0.00,0.00,0.00,0.00,3.79,24.64,0.00,0.00,0.00,0.00,0.00,0.00,0.00,0.00,47.76,0.00,0.00,0.00,0.00,0.00,0.00,22.46,0.00,4.99,101.77,0.00,0.00,3532.95,1373.21,64.28,53810.44,756.24,2014.83,0.11,3986.06,2355.36,216.66,0.00,229.24,0.00,0.00,400.25,831.53,0.00,25.53,0.00,0.00,0.00,0.00,0.00,0.00,0.26,0.00,0.00,0.00,0.00,0.00,0.00,0.00,0.00,0.00,0.00,0.00,0.00,0.00,0.00,0.00,0.00,0.00,0.00,0.00,0.00,0.00,0.00,0.00,31485.00,0.00,19185.63,1253.03,0.00,463.09,0.00,0.00,0.00,0.00,0.00,0.00,0.00,0.00,27614.90,0.00,144.49,75.01,0.00,152.48,0.00
0.00,0.00,0.00,0.00,0.00,0.00,0.00,0.00,0.00,0.00,0.00,0.00,0.00,0.00,0.00,0.00,0.00,0.00,0.00,0.00,0.00,0.00,0.00,0.00,0.00,0.00,0.00,0.00,0.00,0.00,0.00,0.00,0.00,0.00,0.00,0.00,0.00,0.00,0.00,0.00,0.00,0.00,0.00,0.00,0.00,592.46,0.00,0.00,187.48,0.00,0.26,0.00,0.00,0.00,0.00,0.00,0.00,0.00,0.00,0.00,0.00,0.00,0.00,0.00,0.00,0.00,0.00,0.00,0.00,0.00,0.00,0.00,0.00,0.00,0.00,0.00,0.00,0.00,0.00,0.00,0.00,0.00,0.00,0.00,0.00,0.00,0.00,0.00,0.00,0.00,0.00,49490.92,0.00,83223.76,3385.98,0.00,58409.26,0.00,1035.63,52255.37,0.00,0.00,0.00,0.00,0.00,50854.65,0.00,388.32,83.67,0.00,0.00,0.00
0.00,0.00,0.00,0.00,0.00,0.00,0.00,0.00,0.00,0.00,0.00,0.00,0.00,0.00,0.00,0.00,0.00,0.00,0.00,0.00,0.00,0.00,0.00,0.00,0.00,0.00,0.00,0.00,0.00,0.00,0.00,0.00,0.00,0.00,0.00,0.00,0.00,0.00,0.00,0.00,0.00,0.00,0.00,0.00,0.00,2.32,3785.13,0.00,0.00,0.00,42.51,0.00,0.00,0.00,0.00,0.00,0.00,0.00,0.00,0.00,0.00,0.00,0.00,0.00,0.00,0.00,0.00,0.00,0.00,0.00,0.00,0.00,0.00,0.00,0.00,0.00,0.00,0.00,0.00,0.00,0.00,0.00,0.00,0.00,0.00,0.00,0.00,0.00,0.00,0.00,0.00,0.00,0.00,230733.83,59.97,0.00,3376.24,0.00,0.00,0.00,0.00,0.00,0.00,0.00,0.00,5244.74,0.00,35.50,18.55,0.00,0.00,0.00
0.00,0.00,0.00,0.00,0.00,0.00,0.00,0.00,0.00,0.00,0.00,0.00,0.00,0.00,0.00,0.00,0.00,0.00,0.00,0.00,1.96,12.73,0.00,0.00,0.00,0.00,0.00,0.00,0.00,0.00,0.00,0.00,0.00,0.00,0.00,0.00,0.00,138.25,0.00,39.42,0.18,0.00,0.00,0.00,0.00,5909.62,3006.49,1514.24,46550.21,0.00,1277.95,5.32,37762.12,0.00,0.00,0.00,0.00,0.00,0.00,0.00,0.00,0.00,0.00,0.00,0.00,0.00,0.00,0.00,0.00,0.00,0.00,0.00,0.00,0.00,0.00,0.00,0.00,0.00,0.00,0.00,0.00,0.00,0.00,0.00,0.00,0.00,0.00,0.00,0.00,0.00,0.00,0.00,0.00,30354.76,10235.90,0.00,8032.14,0.00,0.00,0.00,0.00,0.00,0.00,0.00,0.00,51635.49,0.00,1696.98,82.18,220.83,0.00,0.00
0.00,0.00,0.00,0.00,0.00,0.00,0.00,0.00,0.00,0.00,0.00,0.00,0.00,0.00,0.00,0.00,0.00,0.00,0.00,0.00,0.00,0.00,0.00,0.00,0.00,0.00,0.00,0.00,0.00,0.00,0.00,0.00,0.00,0.00,0.00,0.00,0.00,0.00,0.00,0.00,0.00,0.00,0.00,0.00,0.00,307.95,0.00,0.00,42783.39,0.00,1609.19,62.84,299.98,0.00,0.00,0.00,0.00,0.00,0.00,0.00,0.00,0.00,0.00,0.00,0.00,0.00,0.00,0.00,33.94,0.00,0.00,0.00,0.00,0.00,0.00,0.00,0.00,0.00,0.00,0.00,0.00,0.00,0.00,0.00,0.00,0.00,0.00,0.00,0.00,0.00,0.00,0.00,0.00,8821.46,1837.46,8369.59,83.54,0.00,0.00,0.00,0.00,0.00,0.00,0.00,0.00,3434.68,0.00,47.69,14.99,185.68,0.00,0.00
0.00,0.00,0.00,0.00,0.00,0.00,0.00,0.00,0.00,0.00,0.00,0.00,0.00,0.00,150.85,0.00,0.00,0.00,0.00,0.00,0.00,0.00,0.00,0.00,0.00,0.00,0.00,0.00,0.00,0.00,0.00,0.00,0.00,0.00,0.00,0.00,0.00,0.00,0.00,0.00,0.00,0.00,0.00,0.00,0.00,61.07,0.00,0.00,0.00,4.94,28.52,0.00,0.00,0.00,0.00,0.00,0.00,0.00,0.00,0.00,0.00,0.00,0.00,0.00,0.00,0.00,0.00,0.00,0.00,0.00,0.00,0.00,0.00,0.00,0.00,0.00,0.00,0.00,0.00,0.00,0.00,0.00,0.00,0.00,0.00,0.00,0.00,0.00,0.00,0.00,0.00,0.00,0.00,105810.37,13071.97,0.00,17307.75,1444.79,0.00,0.00,0.00,0.00,0.00,0.00,0.00,6479.57,0.00,130.25,35.34,0.00,0.00,0.00
0.00,0.00,0.00,0.00,0.00,0.00,0.00,0.00,0.00,0.00,0.00,0.00,0.00,0.00,0.00,0.00,0.00,0.00,71.36,0.00,0.00,0.00,0.04,0.00,0.00,0.00,0.00,9835.30,0.00,38.03,10.55,0.00,0.00,0.00,0.00,0.00,0.00,14.79,0.00,1.23,32.75,0.01,0.01,0.00,0.00,621.82,785.10,0.27,190.59,0.00,217.94,101.77,92.39,0.00,0.00,45.88,0.00,18.72,0.41,0.00,0.00,0.00,0.00,0.00,0.00,0.00,0.00,0.00,3.08,0.00,0.00,0.00,0.00,0.00,0.00,0.00,0.00,0.00,0.00,0.00,0.00,0.00,0.00,0.00,0.00,0.00,0.00,0.00,0.00,0.00,0.00,1206.41,0.00,3647.07,1377.59,209.25,1398.29,71.23,18.22,0.00,6.21,166.71,0.00,0.00,0.00,4288.93,0.00,165.61,11.11,6.92,0.00,0.00
0.00,0.00,0.00,0.00,0.00,0.00,0.00,0.00,0.00,0.00,0.00,0.00,0.00,0.00,0.00,0.00,0.00,0.00,0.00,0.00,0.00,0.00,0.00,0.00,0.00,0.00,0.00,0.00,1985.11,37269.86,21122.57,0.00,0.00,0.00,0.00,0.00,0.00,0.00,0.00,0.00,0.00,0.00,0.00,0.00,0.00,0.00,0.00,0.00,1.87,0.00,0.00,0.00,0.00,0.00,0.00,0.00,0.00,0.00,0.00,0.00,0.00,0.00,0.00,0.00,0.00,0.00,0.00,0.00,1.69,0.00,0.00,0.00,0.00,0.00,0.00,0.00,0.00,0.00,0.00,0.00,0.00,0.00,0.00,0.00,0.00,0.00,0.00,0.00,0.00,0.00,0.00,0.00,0.00,2890.99,185.36,0.00,436.55,709.88,0.00,0.00,0.00,0.00,0.00,0.00,0.00,278.06,0.00,0.00,1.03,206.37,0.00,0.00
0.00,0.00,0.00,0.00,0.00,0.00,0.00,0.00,0.00,0.00,0.00,0.00,0.00,0.00,0.00,0.00,0.00,0.00,0.00,0.00,0.00,0.00,0.00,0.00,0.00,0.00,0.00,0.00,0.00,0.00,0.00,0.00,0.00,0.00,0.00,0.00,0.00,0.00,0.00,0.00,15.08,0.00,0.00,110204.54,0.00,0.00,0.00,0.00,8.74,0.00,1.27,0.00,4502.49,0.00,0.00,0.00,0.00,0.00,0.00,0.00,0.00,0.00,0.00,0.00,0.00,0.00,0.00,0.00,8.60,0.00,0.00,0.00,0.00,0.00,0.00,0.00,0.00,0.00,0.00,0.00,0.00,0.00,0.00,0.00,0.00,0.00,0.00,0.00,0.00,0.00,0.00,10960.69,0.00,15539.43,3289.12,0.00,4984.54,8057.17,2521.15,0.00,870.42,1723.52,0.00,1104.54,0.00,4747.22,0.00,26.04,4.80,2136.92,0.00,0.00
0.00,0.00,0.00,0.00,0.00,0.00,0.00,0.00,0.00,0.00,0.00,0.00,0.00,0.00,0.00,0.00,0.00,0.00,37689.45,0.00,0.00,0.00,0.00,0.00,0.00,0.00,0.00,0.00,0.00,0.00,0.00,0.00,0.00,0.00,0.00,0.00,0.00,0.00,0.00,0.00,0.00,0.00,0.00,0.00,0.00,0.00,0.00,0.00,0.00,0.00,0.00,0.00,0.00,123.92,0.00,0.00,0.00,0.00,0.00,0.00,0.00,0.00,0.00,0.00,0.00,0.00,0.00,0.00,0.00,0.00,0.00,0.00,0.00,0.00,0.00,0.00,0.00,0.00,0.00,0.00,0.00,0.00,0.00,0.00,0.00,0.00,0.00,0.00,0.00,0.00,0.00,0.00,0.00,334348.55,5818.36,0.00,43056.96,49609.47,0.00,0.00,174.36,559.18,0.00,0.00,0.00,0.00,0.00,0.00,0.00,0.00,0.00,0.00
0.00,0.00,0.00,0.00,0.00,0.00,0.00,0.00,0.00,0.00,0.00,0.00,0.00,0.00,0.00,0.00,0.00,0.00,0.00,0.00,0.00,0.00,0.00,0.00,0.00,0.00,0.00,8200.03,2.27,0.00,94.96,0.00,0.00,0.00,0.00,0.00,0.00,0.00,0.00,0.00,0.00,0.00,0.00,0.00,0.00,0.00,0.00,0.00,0.00,0.00,0.00,0.00,0.00,0.00,535.25,0.00,69.29,50.65,2456.61,693.60,523.66,9.99,0.00,0.00,0.00,1005.93,0.00,0.00,0.00,0.00,0.00,0.00,0.00,0.00,0.00,0.00,0.00,0.00,0.00,0.00,0.00,0.00,0.00,0.00,0.00,0.00,0.00,0.00,0.00,2.00,2.93,15.28,0.54,0.00,0.00,0.00,0.00,0.00,0.00,0.00,0.00,0.00,0.00,0.00,0.00,563.75,0.00,42.59,0.00,0.69,381.49,0.00
0.00,0.00,0.00,0.00,0.00,0.00,0.00,0.00,0.00,0.00,0.00,0.00,0.00,0.00,0.00,0.00,0.00,0.00,0.00,0.00,0.00,0.00,0.00,0.00,0.00,0.00,0.00,0.00,0.00,0.00,0.00,0.00,0.00,0.00,0.00,0.00,0.00,0.00,0.00,0.00,0.00,0.00,0.00,0.00,0.00,0.00,0.00,0.00,0.00,0.00,0.00,0.00,0.00,0.00,0.00,0.00,0.77,38250.01,987.40,0.00,0.00,0.00,0.00,0.00,0.00,0.00,3853.22,0.00,0.00,0.00,0.00,0.00,0.00,0.00,0.00,0.00,0.00,0.00,0.00,0.00,0.00,0.00,0.00,0.00,0.00,0.00,0.00,0.00,0.00,0.00,0.00,0.00,0.00,0.00,0.00,0.00,0.00,0.00,0.00,0.00,0.00,0.00,0.00,0.00,0.00,0.00,0.00,0.00,0.00,0.00,0.00,0.00
0.00,0.00,0.00,0.00,0.00,0.00,0.00,0.00,0.00,0.00,0.00,0.00,0.00,0.00,0.00,0.00,0.00,0.00,0.00,0.00,0.00,0.00,0.00,0.00,0.00,0.00,0.00,0.00,0.00,0.00,0.00,0.00,0.00,0.00,0.00,0.00,0.00,0.00,0.00,0.00,0.00,0.00,0.00,0.00,0.00,0.00,0.00,1.90,0.00,0.00,0.00,179.54,0.00,0.00,0.00,156.35,2638.72,2060.09,11555.97,488.14,1730.75,0.00,0.00,0.00,0.00,3.33,7202.87,0.00,0.00,0.00,0.00,0.00,0.00,0.00,0.00,0.00,0.00,2.55,0.00,0.00,3.45,0.00,0.00,0.00,0.00,0.00,0.00,0.00,0.00,0.00,0.00,0.00,0.00,0.00,0.00,0.00,0.00,0.00,0.00,0.00,0.00,0.00,0.00,0.00,0.00,0.00,0.00,0.00,0.00,0.00,0.00,0.00
0.00,0.00,0.00,0.00,0.00,0.00,0.00,0.00,0.00,0.00,0.00,0.00,0.00,0.00,0.00,0.00,0.00,0.00,0.00,0.00,0.00,0.00,0.00,0.00,0.00,0.00,0.00,0.00,0.00,0.00,0.00,0.00,0.00,0.00,0.00,0.00,0.00,0.00,0.00,0.00,0.00,0.00,0.00,0.00,0.00,0.00,0.00,0.00,0.00,0.00,0.00,0.00,0.00,0.00,0.00,0.00,0.00,2928.33,10984.04,0.00,0.00,0.00,0.00,0.00,0.00,0.00,0.00,0.00,0.00,0.00,0.00,0.00,0.00,0.00,0.00,0.00,0.00,0.00,0.00,0.00,0.00,0.00,0.00,0.00,0.00,0.00,0.00,0.00,0.00,0.00,0.00,0.00,0.00,0.00,0.00,0.00,0.00,0.00,0.00,0.00,0.00,0.00,0.00,0.00,0.00,0.00,0.00,0.00,0.00,0.00,0.00,0.00
0.00,0.00,0.00,0.00,0.00,0.00,0.00,154.32,411.09,0.00,16.72,8.17,118.60,10.96,0.00,0.79,0.00,0.00,27.10,0.00,1.44,9.33,439.15,0.00,0.00,0.00,0.00,0.00,0.00,0.00,0.00,0.00,0.00,0.00,0.00,0.00,0.00,0.00,0.00,0.00,1.40,0.00,0.00,0.00,0.00,0.00,0.00,47.16,0.00,0.00,0.00,0.00,1.58,0.00,34.42,813.26,0.00,41.52,1408.48,42510.85,3716.57,209.63,0.00,3935.14,0.00,14959.62,162.24,0.00,0.27,0.00,846.31,1958.16,0.00,0.00,0.00,0.00,0.00,25.92,0.00,0.00,34.61,0.01,0.00,3217.11,0.00,0.00,0.00,0.00,0.00,0.00,0.00,159169.71,6.29,274.78,202.89,39435.66,509.82,1168.97,240.34,6519.26,0.00,95.61,0.00,0.00,2359.67,10564.24,1233.60,4.46,0.00,289.13,14527.24,0.00
0.00,0.00,0.00,0.00,0.00,0.00,0.00,19.48,22.96,0.00,0.06,4.27,120.74,5.56,3.77,3.90,0.00,0.00,15.62,0.00,0.08,0.47,28.91,0.00,0.00,1076.89,2041.16,4857.85,14.33,271.47,840.67,124.14,7264.81,676.60,0.00,70.47,12.51,1.87,0.00,0.11,8.02,3.05,5.19,63415.52,93.59,2.14,306.64,2.85,0.21,0.00,0.00,1.05,389.10,0.00,13.61,0.00,0.00,17.66,53.15,1067.05,1263.19,38.47,3887.55,2278.92,98.74,1322.03,658.74,0.65,1.15,0.00,98.47,1.18,3.71,87.91,13517.03,17.42,342.06,3.72,33.41,6.01,4.78,0.00,0.00,77.35,1539.98,743.16,0.00,0.00,0.00,0.00,0.00,12497.47,12.05,919.61,607.02,37037.06,728.90,1282.46,7569.70,3482.72,998.07,599.41,8.19,436.11,245.15,38827.53,762.68,686.86,21.24,203.20,2364.75,0.00
1815.33,505.40,377.99,386.96,86.20,20.80,40.75,734.41,297.19,1130.84,0.05,19.85,538.32,37.01,2.61,35.80,4528.29,92.09,123.45,1.75,0.83,5.41,0.00,0.00,0.00,274.46,1717.44,10205.91,49.12,1167.31,507.71,161.17,0.88,0.00,0.00,419.23,84.25,0.35,0.00,0.02,13.87,55.17,6288.12,35062.61,17.32,1.24,52.06,56.66,12.07,0.00,1.35,34.93,3.40,0.00,6.48,0.00,41.01,0.00,3.98,305.46,300.03,39.08,182.43,286.58,1.85,100.52,29.07,2.53,2.14,0.00,5918.45,18.04,0.10,17.71,1.82,0.90,0.00,101.38,1.75,0.00,135.56,0.00,0.00,105.03,0.00,0.00,1406.95,10.61,21.95,10.12,133.34,19899.03,0.00,77.69,9.70,602.52,252.52,18.88,54.49,1717.09,0.00,0.00,0.00,0.00,259.50,6433.84,82.83,0.00,0.00,11.00,0.00,0.00
0.00,0.00,0.00,0.00,0.00,0.00,0.00,0.00,0.00,0.00,0.00,0.00,0.00,0.00,0.00,0.00,0.00,0.00,0.00,0.00,0.00,0.00,0.00,20.82,0.00,0.00,0.00,0.00,0.00,0.00,0.00,0.00,79.58,3045.33,0.00,0.00,18.27,0.00,0.00,0.00,0.00,0.00,0.00,0.00,0.00,0.00,0.00,0.00,0.00,0.00,0.00,0.00,0.00,0.00,0.00,0.00,0.00,0.00,489.19,6332.57,0.00,2738.98,0.00,0.00,0.00,392.35,16.28,0.00,0.00,0.00,46.56,37.78,1.74,0.00,30.11,35.91,0.00,6.06,71.24,0.00,8.11,0.00,0.01,1020.90,749.17,1170.74,21.48,0.00,0.00,0.00,17.51,9389.46,24.46,0.00,22.62,4777.67,1309.07,1357.20,464.38,28016.74,0.00,0.00,0.00,559.67,0.00,48898.78,308.52,2.34,0.00,157.01,27.37,0.00
0.00,0.00,0.00,0.00,0.00,0.00,0.00,0.00,0.00,0.00,0.00,0.00,102.95,0.00,0.00,0.00,0.00,0.00,35.53,0.00,0.21,1.40,33.31,0.00,0.00,0.00,0.00,0.00,0.00,2885.19,2095.67,319.57,0.00,0.00,0.00,4085.01,2181.31,0.00,0.00,0.00,57.77,0.00,0.00,0.00,0.00,0.00,0.00,0.00,0.00,0.00,0.00,0.00,0.00,0.00,76.60,1134.66,0.00,0.00,186.86,0.00,0.00,17.53,227570.87,126103.92,342693.87,215628.49,2098.17,3.70,4.24,0.00,0.00,7.26,35.12,0.00,0.00,997.87,67.03,25569.60,1934.01,1.14,44564.97,0.02,0.27,1317.80,0.00,0.00,224648.34,235.10,93275.34,8296.03,52334.81,0.00,0.94,0.00,0.00,0.00,0.00,0.00,309.57,0.00,0.00,0.00,0.00,0.00,0.00,0.00,0.00,0.00,0.00,27.59,0.00,0.00
0.00,0.00,0.00,0.00,0.00,0.00,0.00,0.00,0.00,0.00,0.00,0.00,0.00,0.00,0.00,0.00,0.00,0.00,2.73,0.00,0.00,0.00,0.00,0.00,0.00,0.00,0.00,0.00,0.00,0.00,0.00,108.03,0.00,0.00,0.00,28.63,0.00,0.00,0.00,0.00,0.00,0.00,0.00,0.00,0.00,0.00,0.00,0.00,0.00,0.00,0.00,0.00,0.00,0.00,0.00,0.00,0.00,0.00,0.00,0.00,0.00,23.56,0.00,116375.22,58.66,5498.45,0.00,0.00,0.00,0.00,0.00,0.89,0.00,0.00,0.00,230.30,37.75,1975.60,446.31,0.63,2640.94,0.00,0.02,531.79,0.00,0.00,535372.12,4.18,390.89,27.71,37762.30,0.00,2.21,0.00,0.00,0.00,0.00,0.00,0.00,0.00,0.00,0.00,0.00,0.00,0.00,1432.24,294.66,0.00,0.00,15.93,0.00,0.00
0.00,0.00,0.00,0.00,0.00,0.00,0.00,0.00,0.00,0.00,0.00,0.00,0.00,0.00,0.00,0.00,0.00,0.00,0.00,0.00,0.00,0.00,0.00,0.00,0.00,0.00,0.00,0.00,0.00,0.00,0.00,47.26,0.00,0.00,0.00,0.00,0.00,0.00,0.00,0.00,0.00,0.00,0.00,0.00,0.00,0.00,0.00,0.00,0.00,0.00,0.00,0.00,329.48,0.00,0.00,0.00,0.00,11.78,0.00,0.00,0.00,0.00,0.00,0.00,889.87,97.47,0.00,0.00,0.00,0.00,0.00,0.19,0.00,0.00,0.00,0.00,62.25,0.00,0.00,1.00,0.00,0.00,0.00,0.00,0.00,0.00,684904.44,0.00,1814.96,815.78,2250.76,0.00,0.00,0.00,0.00,0.00,0.00,0.00,0.00,0.00,0.00,0.00,0.00,0.00,0.00,0.00,0.00,0.00,0.00,0.00,0.00,0.00
0.00,947.04,759.19,989.40,0.00,0.00,0.00,1527.09,26868.72,7777.52,7.17,0.00,304.19,1020.79,31.77,34.07,31148.36,680.79,3936.73,14.49,0.31,2.04,20878.80,0.00,0.00,0.00,0.00,100507.36,1013.37,1700.19,1674.73,295.33,0.00,0.00,0.00,1062.67,3970.06,1.36,0.00,0.35,2432.22,535.45,503.62,0.00,152.98,20.78,102.98,10.03,217.72,0.03,224.01,5.34,4481.11,0.02,188.64,0.00,0.00,0.00,39.33,16.14,187.42,36.63,43.58,16473.47,1753.76,24282.58,4413.17,14.49,92.53,0.00,328.37,141.35,0.59,0.00,2039.57,11.74,0.00,104.02,22.46,0.00,139.28,0.00,0.00,516.83,18606.88,1541.24,15985.69,40.55,2666.69,0.00,1869.81,340337.90,4.98,923.91,40.60,7606.45,0.00,405.65,2725.98,68016.85,0.00,0.00,0.00,117.08,0.00,25467.99,326.84,3.35,0.00,478.46,0.00,0.00
0.00,0.00,0.00,0.00,0.00,0.00,0.00,38.08,142.24,585.96,0.68,19.56,71.07,281.09,3.08,0.20,250.10,5.47,46.22,3.58,0.41,2.63,167.16,0.00,0.00,178.16,5003.34,1156.01,41.84,94.55,71.38,113.16,10.88,1660.54,0.00,13.41,1134.61,5.64,0.00,0.66,2.08,156.50,52.32,11144.05,16.63,61.90,206.43,12.70,65.01,0.04,39.53,161.52,188.97,0.22,4.30,398.85,0.00,50.89,61.77,77.29,16.84,18.08,35.60,3292.66,3.14,87.53,70865.03,32.63,119.66,0.00,229.85,11.77,7.75,151722.85,136.71,93.39,171.01,16.99,181.00,2.94,22.73,0.00,0.01,61.41,6033.61,1375.09,649.85,55.63,2644.28,248.42,1086.04,88805.22,1.64,375.47,385.89,7310.04,666.31,7806.82,448.09,27825.00,10584.18,34015.33,575.46,412.19,4305.21,243292.14,22120.26,82.24,4.48,231.27,399.99,0.00
1385020.18,313754.19,20969.22,39229.97,18683.54,6478.57,27879.11,128762.49,141965.39,35338.05,250.84,13213.52,29383.28,70599.45,1573.37,1197.20,938908.95,14913.38,52788.23,2929.23,0.00,0.00,27.95,0.00,0.00,0.00,0.00,0.00,486.29,22984.93,16759.94,0.00,0.10,0.00,0.00,0.00,0.00,0.00,0.00,0.00,0.00,0.00,0.00,0.00,0.00,0.00,0.00,0.00,0.00,0.00,0.00,0.00,0.00,0.00,0.00,0.00,0.00,0.00,0.00,0.00,0.00,0.00,0.00,0.00,0.00,0.00,0.00,63.79,5.89,0.00,34.50,0.78,0.00,0.00,0.00,0.00,0.00,0.00,0.00,0.00,0.00,0.00,0.00,0.00,0.00,0.00,0.00,0.00,0.00,0.00,0.00,1129.89,4.02,54.09,175.34,2390.88,111.12,0.00,53.61,0.00,0.00,0.00,13.23,0.00,3519.77,11295.17,40.71,357.65,1.56,564.98,125.60,0.00
143.52,0.00,0.00,0.00,0.00,0.00,0.00,0.79,77.70,103.33,147.66,6.58,10.11,22.73,0.49,0.11,0.00,0.00,13.52,0.00,31.07,202.24,20908.80,0.90,17.47,289.66,4050.25,14973.90,66.76,0.00,1375.94,1057.84,54.74,207830.82,0.00,28.20,27721.02,2.39,0.00,1.10,255.09,1154.22,0.00,103.52,111.52,108.49,5556.01,224.76,78.16,0.00,614.60,1342.96,22104.37,0.06,2665.88,8479.19,2852.36,666.18,2257.61,310.26,4285.61,519.52,395.53,119.51,6743.28,7154.90,117394.66,2126.97,5004.75,0.00,445576.88,4819.50,0.10,431072.60,11518.92,66.72,3426.39,3941.40,129.31,41.29,4516.50,0.04,0.19,3834.33,2915.46,15334.12,17350.55,471.66,5526.86,495.40,4467.30,19011.56,17.32,334.49,192.97,17300.13,2413.96,867.91,1254.57,3151.25,629.97,2552.19,68.45,90.99,5121.94,262070.37,9405.13,13625.81,17.34,3046.14,3705.10,0.00
2832.01,51.35,19.64,13.45,5.36,1.91,5.73,295.18,635.93,640.58,13.47,98.75,172.61,1070.57,3.57,6.87,5485.97,119.90,338.12,14.58,15.77,102.68,5181.38,0.00,1.73,2556.89,12375.10,517611.38,337.30,2680.91,2200.46,8184.22,1236.86,917761.05,0.00,871.80,19369.82,15.52,0.01,11.60,223.05,22283.86,8025.67,123303.47,645.61,343.98,2063.96,2504.47,42.29,0.20,743.57,102.18,1046.41,0.03,239.32,10593.23,241.26,184.08,325.20,79.32,258.88,30.31,5888.89,51156.63,153.37,806.22,14492.83,52.22,485.96,0.00,14641.90,26.84,104.78,1276482.01,811.52,510.44,2226.41,23.50,989.22,63.20,30.41,0.01,0.11,153.78,1457175.06,2338.78,53638.58,1740.81,80269.54,1407.73,16065.43,98627.38,277.61,1633.99,91.79,824401.25,63051.06,144270.76,8865.42,21775.02,2034.97,2203.58,298.68,604.49,3760.43,107289.31,1192.89,58.58,12.28,433.86,59.97,0.00
0.00,0.00,0.00,0.00,0.00,0.00,0.00,0.00,33.51,401.54,2.83,0.00,0.00,1.52,0.00,0.00,0.00,0.00,0.00,0.00,0.43,2.75,34.18,0.00,0.00,7.28,615.05,644.61,44.38,50.01,40.35,81.55,0.00,0.00,0.00,0.00,137.86,0.00,0.00,0.00,0.00,5479.45,0.00,0.00,0.00,0.00,0.00,0.00,0.00,0.00,239.14,0.54,27.15,0.00,3.31,0.00,111.80,308.24,30.35,173.62,982.03,297.55,10616.78,96.49,495.47,13806.77,0.00,1.73,12.91,0.00,481077.86,1996.70,0.00,116.76,156.65,413.32,1161.32,1950.16,800.90,19.97,2606.93,0.33,3.43,2246.90,74.96,38.73,112473.07,470.59,17221.64,15086.67,6315.59,28904.43,1104.99,423.40,25.64,52582.84,894.26,758.75,365.99,283.68,520.80,1673.50,54.98,305.72,3192.47,11528.11,851.10,1002.43,39.56,1735.04,3934.16,0.00
1605.01,0.00,0.00,0.00,0.00,0.00,0.00,439.14,701.46,1007.71,1.12,3.31,672.05,600.62,2.40,3.10,610.66,29.01,327.41,12.66,11.08,72.14,2379.10,0.00,0.00,0.00,362.64,34780.84,150.78,1331.41,3270.12,3524.47,0.00,0.00,0.00,254.11,746.10,14.21,0.01,2.24,0.85,2381.30,6774.40,78366.22,297.43,275.75,2394.53,22.40,94.90,0.12,79.87,732.71,909.35,0.10,196.04,0.00,200.76,80.09,71.44,1404.67,401.65,271.25,3293.90,26930.21,8.56,2598.95,9445.70,35.93,232.96,0.00,3557.93,4127.62,13.15,3395.55,1383.87,55.33,1709.39,4298.42,107.23,29.38,5054.75,0.12,0.06,491.85,0.00,0.00,32210.48,23.32,1080.83,11068.38,5606.93,123797.63,4.50,409.87,26.66,6263.59,119.62,604.43,596.73,1335.65,96.07,308.77,21.30,3.54,476.34,28354.34,336.39,273.70,2.58,1679.67,1366.13,0.00
0.00,0.00,0.00,0.00,0.00,0.00,0.00,0.00,0.00,0.00,0.00,0.00,0.00,0.00,0.00,0.00,0.00,0.00,0.00,0.00,0.00,0.00,0.00,0.00,0.00,0.00,0.00,0.00,0.00,0.00,0.00,0.00,0.00,0.00,0.00,0.00,0.00,0.00,0.00,0.00,0.00,0.00,0.00,0.00,0.00,0.00,0.00,0.00,0.00,0.00,0.00,0.00,0.00,0.00,0.00,0.00,0.00,0.00,0.00,0.00,0.00,0.00,296.17,0.00,0.00,0.00,0.00,0.00,0.00,0.00,0.00,0.00,0.00,0.00,0.00,0.00,0.00,0.00,0.00,0.00,0.00,0.00,0.00,0.00,0.00,0.00,54187.88,340.09,11992.68,532.60,8210.13,0.00,0.49,0.00,0.00,0.00,0.00,0.00,0.00,0.00,0.00,0.00,0.00,0.00,0.00,0.00,0.00,0.00,0.00,0.00,0.00,0.00
0.00,0.00,0.00,0.00,0.00,0.00,0.00,0.00,0.00,0.00,0.00,0.00,0.00,0.00,0.00,0.00,0.00,0.00,0.00,0.00,0.00,0.00,0.00,0.00,0.00,0.00,0.00,0.00,0.00,0.00,0.00,0.00,0.00,0.00,0.00,0.00,0.00,0.00,0.00,0.00,0.00,0.00,0.00,0.00,0.00,0.00,0.00,0.00,0.00,0.00,0.00,0.00,0.00,0.00,0.00,0.00,0.00,0.00,0.00,0.00,0.00,0.00,0.00,0.00,0.00,0.00,0.00,0.00,0.00,0.00,0.00,0.00,147.82,86492.85,0.00,0.00,0.00,0.00,0.00,0.00,0.00,0.00,0.00,105.05,0.00,0.00,2483583.89,75479.29,1534642.19,15579.77,49924.53,0.00,0.00,0.00,0.00,0.00,0.00,0.00,0.00,0.00,0.00,0.00,0.00,0.00,0.00,0.00,0.00,0.00,0.00,0.00,0.00,0.00
0.00,0.00,0.00,0.00,0.00,0.00,0.00,0.00,0.00,0.00,1.09,0.00,0.00,73.47,3.29,0.46,87.59,6.00,3.30,22.40,2.62,17.05,155.60,0.00,0.00,111.46,449.62,0.00,0.00,395.32,301.05,4.24,0.00,510.05,0.00,0.00,0.00,0.48,0.00,0.62,4.62,62.88,0.04,3162.83,1.89,0.00,47.96,93.83,19.67,0.03,34.20,7.08,1174.93,0.00,1.12,0.00,0.00,0.00,114.82,40.87,24.28,0.00,711.66,477845.95,25334.90,1260.17,18592.83,1.30,313.65,0.00,311.36,34221.05,16.21,0.00,1558.94,212.29,1794.06,8006.50,411.37,30.76,14795.90,0.04,0.02,2144.37,64.97,0.00,285422.89,3343.18,167675.88,12534.71,86865.60,6168.02,65.27,471.64,47.13,3587.51,41.14,145.46,81.90,1722.01,24.90,80.17,8.12,71.59,368.57,28808.73,363.32,148.96,2.80,187.92,414.15,0.00
0.00,0.00,0.00,0.00,0.00,0.00,0.00,0.00,0.00,0.00,0.00,0.00,0.00,0.00,0.00,0.00,0.00,0.00,0.00,0.00,0.00,0.00,0.00,0.00,0.00,0.00,0.00,0.00,0.00,0.00,0.00,0.00,0.00,0.00,0.00,0.00,0.00,0.00,0.00,0.00,0.00,0.00,0.00,0.00,0.00,0.00,0.00,0.00,0.00,0.00,0.00,0.00,0.00,0.00,0.00,0.00,0.00,0.00,0.00,0.00,0.00,0.00,0.00,0.00,0.00,0.00,0.00,0.00,0.00,0.00,0.00,0.00,0.00,0.00,11.18,9499.68,33283.52,4616.14,18410.26,318.68,6170.86,0.02,0.26,18.31,0.00,0.00,8203.51,497.93,372975.28,0.00,0.00,0.00,0.00,0.00,0.00,0.00,0.00,0.00,0.00,0.00,0.00,0.00,0.00,0.00,0.00,0.00,0.00,0.00,0.00,0.00,0.00,0.00
0.00,0.00,0.00,0.00,0.00,0.00,0.00,0.00,0.00,0.00,0.00,0.00,0.00,0.00,0.00,0.00,0.00,0.00,0.00,0.00,0.00,0.00,0.00,0.00,0.00,0.00,0.00,0.00,0.00,0.00,0.00,0.00,88.05,0.00,0.00,0.00,0.00,0.00,0.00,0.00,0.00,0.00,0.00,0.00,0.00,0.00,0.00,0.00,0.00,0.00,0.00,0.00,0.00,0.00,0.00,0.00,0.00,0.00,0.00,0.00,0.00,5.52,5124.57,3022.60,338.31,428.38,0.00,0.00,0.00,0.00,29.03,3.37,0.00,0.00,1345.10,47701.83,6159.02,19927.85,77013.75,32.08,25287.39,1.15,1.89,2850.52,0.00,0.00,410175.45,6115.12,257386.28,45167.59,18259.46,0.00,61.00,0.00,0.00,0.00,0.00,0.00,0.00,0.00,0.00,0.00,0.00,0.00,0.00,0.00,0.00,0.00,0.00,0.00,0.00,0.00
0.00,0.00,0.00,0.00,0.00,0.00,0.00,0.00,0.00,0.00,0.00,0.00,0.00,0.00,0.00,0.00,0.00,0.00,0.00,0.00,0.00,0.00,0.00,0.00,0.00,0.00,4142.63,0.00,0.00,294.39,299.60,0.00,0.00,0.00,0.00,0.00,0.00,0.00,0.00,0.01,0.00,0.04,0.00,0.00,0.00,0.00,0.00,0.00,0.00,0.00,0.00,0.00,209.42,0.00,0.00,0.00,0.00,0.00,0.00,0.00,1.25,0.44,0.00,0.00,8.48,0.00,61.97,0.00,5.30,0.00,2.24,86.85,0.00,0.00,317597.06,1261.70,992.44,580.98,2250.21,5.74,776.65,0.12,0.37,13831.88,0.00,0.00,45667.81,11.83,5271.04,445.90,10690.66,0.00,0.17,0.00,0.00,0.00,0.00,0.00,0.00,1228.00,0.00,0.00,0.00,0.00,0.00,0.00,0.00,0.00,0.00,6.19,0.00,0.00
6853.95,2714.88,720.59,661.04,73.88,35.02,58.54,317.62,2574.79,4338.60,18.91,115.89,2516.36,988.69,16.84,4.29,8926.71,195.10,1183.05,3.67,4.56,29.69,329.03,0.00,0.00,647.43,4325.77,15773.42,23.70,4129.87,458.34,346.53,49.61,47670.00,0.00,1161.93,1311.37,18.40,0.00,2.89,76.90,890.81,5.31,0.00,16.95,11.91,3.78,1.21,60.66,0.00,120.49,143.23,660.98,0.00,13.31,0.00,0.00,0.00,1.96,10.06,1.38,16.82,108.38,1050.98,4.00,1589.44,333.13,3.56,27.93,0.00,803.72,74.88,0.39,0.00,73.55,4601.87,578.89,443.93,8918.34,9.93,593.48,0.07,0.40,962.00,1473.03,564.87,166026.21,1596.77,55419.07,12586.30,26342.66,841.11,18.54,316.15,13.21,581.69,194.58,63.07,300.08,609.32,15.77,25.64,0.23,8.36,779.72,12301.85,107.25,0.84,8.31,70.84,278.18,0.00
223.13,2.20,0.00,0.14,0.15,0.00,0.00,0.90,17.58,21.59,0.06,11.22,9.47,55.19,0.25,0.01,33.73,0.74,25.20,0.89,0.11,0.74,45.38,0.00,0.00,300.98,259.47,711.84,24.73,0.00,1.65,270.23,85.18,102678.76,0.00,2.33,644.97,1.21,0.00,0.02,34.98,314.25,318.63,11754.80,1.32,0.51,19.87,55.59,19.54,0.00,3.70,0.18,22.09,0.00,3.87,0.00,0.12,0.00,3.97,12.98,13.72,1.10,396.83,3663.98,124.65,80.41,48.38,1.65,5.97,0.00,207.00,61.74,2.13,7556.13,125.93,7.87,229.60,465.05,15.24,15.61,621.68,0.01,0.01,15.35,17454.97,1510.49,6368.40,20.29,1768.70,3033.13,1460.29,1101.49,18.21,13.64,13.81,1061.48,159.50,74.93,688.96,2798.41,124.73,138.19,10.91,33.34,2531.79,15318.77,161.75,13.96,1.03,55.38,51.63,0.00
0.00,0.00,0.00,0.00,0.00,0.00,0.00,0.00,0.00,0.00,0.00,0.00,0.00,0.00,0.00,0.00,0.00,0.00,0.00,0.00,0.00,0.00,0.00,0.00,0.00,0.00,0.00,59138.72,0.00,785.47,592.59,0.00,20.66,0.00,0.00,0.00,0.00,0.00,0.00,0.00,0.00,0.00,0.00,0.00,0.00,0.00,0.00,0.00,0.00,0.00,0.00,0.00,0.00,0.00,0.00,0.00,0.00,0.00,0.00,0.00,0.00,0.00,0.00,0.00,0.00,0.00,0.00,0.00,0.00,0.00,1.01,0.00,0.00,0.00,0.00,0.00,0.00,228.08,0.00,0.00,304.89,0.00,0.00,0.00,0.00,0.00,0.00,0.00,0.00,0.00,0.00,0.00,0.00,0.00,0.00,0.00,3804.01,0.00,123.42,0.00,0.00,0.00,0.00,0.00,0.00,5768.21,0.00,0.00,0.00,0.00,0.00,0.00
0.00,0.00,0.00,0.00,0.00,0.00,0.00,0.00,0.00,0.00,0.00,0.00,0.00,0.00,0.00,0.00,0.00,0.00,0.00,0.00,0.00,0.00,0.00,0.00,0.00,0.00,0.00,0.00,0.00,0.00,0.00,0.00,0.00,0.00,0.00,0.00,0.00,0.00,0.00,0.00,0.00,0.00,0.00,0.00,0.00,0.00,0.00,0.00,0.00,0.00,0.00,0.00,0.00,0.00,0.00,0.00,0.00,0.00,0.00,0.00,0.00,0.00,0.00,0.00,0.00,0.00,0.00,0.00,0.00,0.00,0.00,0.00,0.00,0.00,0.00,0.00,0.00,0.00,0.00,0.00,0.00,141.89,0.00,0.00,0.00,0.00,0.00,0.00,0.00,0.00,0.00,0.00,13982.84,0.00,0.00,0.00,0.00,0.00,0.00,0.00,0.00,0.00,0.00,0.00,0.00,1900829.83,0.00,0.00,0.00,0.00,0.00,0.00
0.00,0.00,0.00,0.00,0.00,0.00,0.00,0.00,0.00,0.00,0.00,0.00,0.00,0.00,0.00,0.00,0.00,0.00,0.00,0.00,0.00,0.00,0.00,0.00,0.00,0.00,0.00,0.00,0.00,0.00,0.00,0.00,0.00,0.00,0.00,0.00,0.00,0.00,0.00,0.00,0.00,0.00,0.00,0.00,0.00,0.00,0.00,0.00,0.00,0.00,0.00,0.00,0.00,0.00,0.00,0.00,0.00,0.00,0.00,0.00,0.00,0.00,0.00,0.00,0.00,0.00,0.00,0.00,0.00,0.00,0.00,0.00,0.00,0.00,0.00,0.00,0.00,0.00,0.00,0.00,0.00,0.00,730.84,0.00,0.00,0.00,0.00,0.00,0.00,0.00,0.00,0.00,5005.79,0.00,0.00,0.00,0.00,0.00,0.00,0.00,0.00,0.00,0.00,0.00,0.00,0.00,0.00,0.00,0.00,0.00,0.00,0.00
0.00,0.00,0.00,0.00,0.00,0.00,0.00,0.00,72.25,1441.70,0.83,1.35,14.53,212.24,0.36,2.02,80.04,1.75,1.93,0.00,0.56,3.60,225.47,0.00,0.00,214.53,6391.20,4203.72,9.45,20.92,15.52,0.00,7.63,643.97,0.00,69.90,56.52,0.70,0.00,0.08,8.02,23.62,40.12,190.39,1.18,0.63,33.23,108.06,5.75,0.00,0.29,63.60,28.16,0.00,2.85,113.06,0.00,31.98,7.51,646.00,15.69,33.94,128.95,434.59,116.46,678.02,3150.60,0.18,17.90,0.00,89456.13,4.91,0.24,86539.56,0.00,310.11,2773.18,1981.50,600.97,47.53,2078.13,0.49,0.00,5136.55,466.35,0.00,342.33,41.54,459.07,3283.34,3650.97,6958.06,40.48,84.80,43.47,9253.01,1328.46,1942.33,225.29,1473.71,723.15,1629.45,165.33,275.29,1716.12,98087.55,4490.30,192.44,5.53,667.04,507.39,0.00
0.00,0.00,0.00,0.00,0.00,0.00,0.00,0.00,0.00,0.00,0.00,0.00,0.00,0.00,0.90,0.00,0.00,0.00,0.54,0.00,0.00,0.00,0.00,1.69,0.00,346.52,0.00,0.00,0.00,0.00,0.00,0.00,988.07,4668.62,0.00,0.00,226.91,13.02,0.00,1.29,115.93,14.00,8332.71,37068.10,117.51,3.91,18.41,6.07,101.20,0.01,8.37,49.36,693.53,0.03,64.97,433.04,180.46,114.17,26.42,210.01,41.64,16.08,114.81,55558.21,192.93,1028.06,1222.07,11.75,15.21,0.00,710.00,83.16,3.95,83226.35,43771.57,73.52,3265.54,106.61,142.49,55.98,142.56,0.00,0.03,75.49,0.00,49.25,0.00,0.00,0.00,0.00,0.00,13624.77,283.71,24.02,83.76,634361.08,213650.58,287420.45,34861.99,11889.04,7262.18,56.58,23.12,30.97,529.90,64148.56,17.96,0.00,1.31,217.09,26.13,0.00
0.00,0.00,0.00,0.00,0.00,0.00,0.00,0.00,0.00,0.00,0.02,1.67,1.59,12.87,0.71,1.04,143.55,3.33,10.96,0.39,1.06,6.87,174.01,0.00,0.00,0.00,0.00,649.85,18.87,0.00,0.00,127.02,0.00,0.00,0.00,4.39,5.69,0.77,0.00,0.29,13.25,44.35,11.19,8719.02,11.94,4.28,251.80,2.08,5.92,0.00,114.81,25.00,682.90,0.00,1.60,21.53,8.31,44.42,3.75,1.90,5.48,0.84,31.26,486.29,43.79,27.23,36.91,3.57,5.38,0.00,0.00,9.29,1.03,10476.57,25.80,6.75,4.21,7.48,13.07,0.06,10.00,0.00,0.00,10.01,9.86,25816.74,269.93,5.10,428.07,30.53,95.47,3610.50,47.93,470.70,58.51,2252.03,1015.90,124.56,398.67,1539.56,49.34,129.34,28.17,48.14,157.20,2506.49,30.45,119.70,1.66,61.94,181.75,0.00
0.00,0.00,0.00,0.00,0.00,0.00,0.00,0.00,0.00,0.00,0.80,0.00,0.00,0.00,0.00,0.00,0.00,0.00,0.00,0.00,0.00,0.00,0.00,0.00,0.00,0.00,0.00,0.00,0.00,0.00,0.00,0.00,0.00,0.00,0.00,0.00,0.00,0.00,0.00,0.00,0.00,0.00,0.00,0.00,0.00,0.00,0.00,0.00,0.00,0.00,0.00,0.00,0.00,0.00,0.00,0.00,0.00,0.00,0.00,0.00,0.00,0.00,0.00,0.00,0.00,0.00,0.00,0.14,34.50,0.00,1396.01,22.35,0.00,0.00,2039.45,0.00,0.00,889.22,0.00,0.00,1188.77,0.00,0.01,23.52,3100.30,978.75,4903.26,180.11,11435.37,201.73,2030.99,107302.92,815.38,2018.56,1091.70,47266.10,21571.84,69469.05,15495.13,177319.84,39741.18,83321.02,1240.27,294268.12,12368.60,391448.28,13163.44,962.94,25.33,389.57,2919.00,0.00
0.00,0.00,0.00,0.00,0.00,0.00,0.00,0.00,0.00,0.00,0.00,0.00,0.00,0.00,0.00,0.00,0.00,0.00,0.00,0.00,0.00,0.00,0.00,0.00,0.00,0.00,0.00,0.00,0.00,0.00,0.00,0.00,0.00,0.00,0.00,0.00,0.00,0.00,0.00,0.00,0.00,0.00,0.00,0.00,0.00,0.00,0.00,0.00,0.00,0.00,0.00,0.00,0.00,0.00,0.00,0.00,0.00,0.00,0.00,0.00,0.00,0.00,0.00,0.00,0.00,0.00,0.00,0.00,0.00,0.00,0.00,0.00,0.00,0.00,0.00,0.00,0.00,0.00,0.00,0.00,0.00,0.00,0.00,0.00,0.00,0.00,0.00,0.00,0.00,0.00,0.00,0.00,0.00,0.00,0.00,0.00,0.00,0.00,0.00,0.00,0.00,0.00,0.00,0.00,0.00,0.00,0.00,0.00,0.00,0.00,0.00,0.00
0.00,0.00,0.00,0.00,0.00,0.00,0.00,0.00,0.00,0.00,2.74,21.90,167.28,206.92,0.00,0.00,0.00,0.00,13.03,0.00,0.00,0.00,0.00,0.00,0.00,483.79,845.20,0.00,0.00,0.00,0.00,0.00,126.14,240312.87,0.00,0.00,4978.45,0.00,0.00,0.00,0.00,0.00,0.00,0.00,0.00,0.00,0.00,0.00,0.00,0.00,0.00,0.00,0.00,0.00,0.00,0.00,0.00,0.00,0.00,0.00,0.00,0.00,0.00,0.00,0.00,0.00,0.00,0.00,0.00,0.00,0.00,0.00,0.00,0.00,0.00,0.00,0.00,0.25,0.00,0.00,0.33,0.00,0.00,0.00,0.00,0.00,0.00,0.00,0.00,0.00,0.00,0.00,0.00,0.00,15.90,2056.90,246.66,0.00,19038.54,3592.82,0.00,0.00,0.00,0.00,0.00,22353.14,0.00,0.00,0.00,0.00,0.00,0.00
0.00,0.00,0.00,0.00,0.00,0.00,0.00,0.00,0.00,0.00,0.00,0.00,0.00,0.00,0.00,0.00,0.00,0.00,0.00,0.00,0.00,0.00,0.00,0.00,0.00,0.00,0.00,0.00,0.00,0.00,0.00,0.00,1.16,0.00,0.00,0.00,0.00,0.00,0.00,0.02,0.00,0.00,0.00,0.00,0.00,0.00,0.00,0.00,0.00,0.00,0.00,0.00,0.00,0.00,0.00,0.00,0.00,0.00,0.73,0.00,0.00,0.00,13.96,0.00,0.00,0.00,0.00,0.00,0.00,0.00,0.00,0.00,0.00,0.00,0.00,0.00,0.00,0.00,0.00,0.00,0.00,0.00,0.00,0.00,845.71,765.06,0.00,0.00,0.00,0.00,0.00,0.00,0.00,0.00,0.00,0.00,0.00,0.00,125.73,312.39,0.00,0.00,0.00,0.00,0.00,419.86,0.00,0.00,0.00,6.92,0.00,0.00
0.00,0.00,0.00,0.00,0.00,0.00,0.00,0.00,0.00,0.00,0.00,0.00,0.00,0.00,0.00,0.00,0.00,0.00,0.00,0.00,0.00,0.00,0.00,0.00,0.00,0.00,0.00,0.00,0.00,0.00,0.00,0.00,85.73,227534.12,0.00,343.16,255.72,0.00,0.00,0.00,0.00,0.00,0.00,0.00,0.00,0.00,0.00,0.00,0.00,0.00,0.00,0.00,0.00,0.00,1.23,0.00,0.00,0.00,4.94,10.09,14.56,2.40,0.00,0.00,252.99,0.00,2.31,0.31,16.30,0.00,0.00,1.56,10.60,2158.27,0.00,0.00,0.00,0.00,0.00,0.00,0.00,0.00,0.00,0.00,10246.16,217.90,0.00,0.00,0.00,0.00,0.00,0.00,0.00,0.00,17.74,0.00,0.00,0.00,161.10,69.07,281.51,664.74,0.00,0.00,0.00,8341.92,0.00,0.00,4.01,24.02,0.00,0.00
402234.70,134590.38,18013.12,17328.28,17065.08,6045.21,8813.54,46475.83,39678.20,14042.26,58.08,555.87,8266.67,17057.35,25280.82,1364.83,247714.80,987.45,11823.29,790.63,2521.33,3690.61,30280.19,47.44,75.94,666.24,5933.42,169796.18,43197.74,64510.21,47256.46,8677.89,140.77,105266.05,0.00,1581.21,10798.09,149602.96,2032.88,70.61,608017.50,190258.72,852765.21,249342.10,40689.75,1345.41,8536.56,15301.99,76591.46,34749.13,3359.93,892.50,22540.29,42.17,865.84,3789.13,1167.29,12694.96,3625.14,4511.11,3801.94,315.32,69187.85,173476.24,56291.67,57950.37,37545.57,638.46,1707.53,0.00,185535.76,10563.39,131.10,204573.38,74289.15,12913.39,18050.41,19376.05,37855.28,166.23,20837.99,4.27,299.08,7342.93,12111.44,5497.36,866349.20,7055.06,569990.61,30000.48,64052.78,138979.57,738.64,275121.25,6479.08,23436.64,16693.47,9024.70,1935.92,19745.11,2500.60,9472.11,186.88,142.39,4954.14,325355.55,8709.48,4365.38,212.34,2356.77,2024.74,0.00
252.53,30.97,36.63,7.49,1.58,0.32,0.53,2.16,7.66,2.27,0.14,0.96,64.42,284.74,0.12,0.02,92.28,2.02,5.56,0.03,0.10,0.63,16.75,0.88,0.00,17.05,811.66,59.44,1.31,0.00,0.78,48.48,4.18,405.60,0.00,4.33,160.66,0.04,0.00,0.01,4.67,24.80,6.30,0.00,0.24,0.09,8.05,4.44,3.86,0.00,0.17,0.34,7.22,0.00,0.12,0.00,0.10,1.78,0.45,0.26,0.29,0.15,22.85,0.00,7.95,2.88,3.25,0.12,0.31,0.00,20.05,0.84,0.06,325.16,2.45,0.65,2.05,0.56,1.26,0.03,0.74,0.00,0.00,2.53,201.77,152.54,0.94,0.09,2.94,0.45,1.63,444.23,0.06,6.98,0.55,86956.39,32.48,22.23,51.22,249.81,988.21,284.47,7.41,17.02,119.94,773.76,5.81,3.82,0.08,6.05,3.46,0.00
0.00,2663.73,0.00,510.23,441.82,0.00,0.00,80.94,61.85,1340.30,3.23,5.24,546.41,65.30,5.56,5.11,1534.42,33.54,42.90,3.57,0.59,3.82,927.12,0.00,12.27,1270.25,3378.53,40036.23,40.16,156.28,273.32,519.71,10.63,11471.70,0.00,4.61,10822.92,2.31,0.02,0.15,28.35,352.65,322.04,494.56,5.73,1.41,0.00,7.56,4.16,0.00,99.44,26.00,496.80,0.04,0.51,0.00,97.13,3242.35,64.78,136.05,50.83,20.50,85.07,0.00,403.91,616.89,1631.05,39.58,48.37,0.00,1453.33,331.35,6.13,109644.86,4090.53,93.69,94.94,343.26,181.55,1.65,458.90,0.03,0.03,166.75,513.38,337.70,3177.45,636.09,5236.99,1911.72,2478.46,82534.35,805.95,304.90,90.08,216670.03,977.00,73033.51,2345.89,10484.09,7419.95,23846.20,188.54,353.53,4062.71,358738.94,521.45,38.80,30.90,2145.83,470.49,0.00
0.00,0.00,0.00,0.00,0.00,0.00,0.00,0.00,67.17,0.00,0.39,4.03,2.20,38.40,0.53,0.40,137.50,3.00,12.07,0.00,0.04,0.29,14.14,0.00,0.00,206.26,362.70,656.67,0.68,78.96,60.35,0.00,10.16,2492.71,0.00,30.91,447.05,2.08,0.00,0.13,1.42,383.38,4.35,2174.93,7.83,0.78,0.00,17.59,2.45,0.00,5.52,3.09,236.30,0.01,0.64,0.00,0.00,15.02,84.41,9.42,8.62,3.44,132.47,0.00,147.47,113.95,475.58,2.31,10.54,0.00,156.19,5.70,1.34,49370.21,238.65,10.93,58.55,65.25,21.19,1.00,87.25,0.00,0.00,107.37,453.40,732.82,667.44,77.44,1602.51,556.39,920.38,14224.55,128.01,122.97,17.96,4723.68,404.20,6516.14,2494.18,8582.25,4626.14,5230.23,135.68,479.03,1791.89,96016.80,29.86,24.32,2.90,125.68,19.40,0.00
43723.64,10404.39,3304.07,1152.68,2080.21,1804.42,1650.48,6313.49,12553.54,1989.28,65.52,5080.89,5487.82,2365.42,5239.12,1697.07,34853.87,2287.85,6310.02,144.18,1426.46,2301.05,8515.01,21.61,5.58,653.38,500.39,17793.70,7209.82,5502.67,1135.50,895.22,788.21,39395.81,0.00,152.32,19531.61,30128.43,463.68,95.27,103533.39,31107.66,134106.51,77676.55,17250.65,4402.91,39062.67,5005.05,18261.55,10617.90,4651.35,2937.13,1872.19,26.90,204.17,808.76,550.97,2104.59,643.93,3582.05,203.21,519.18,5199.29,14154.33,34902.48,37702.72,24124.30,65.13,438.15,0.00,5923.88,5378.00,103.00,233837.12,10381.82,7331.26,1347.45,2549.32,3942.55,308.51,7902.00,4.67,25.31,999.69,7337.94,2137.42,194562.96,7301.63,120433.94,3791.64,20903.46,135164.64,5865.02,50203.64,1777.05,194317.32,6373.02,684.84,1270.84,15049.05,4975.28,15432.56,1113.17,3600.63,3391.72,425105.25,971.99,3241.51,120.81,760.84,3029.27,0.00
15207.45,4162.36,1190.40,406.84,872.08,740.84,603.97,2257.91,4682.13,247.43,15.40,2284.08,581.13,904.59,1771.74,574.21,10524.63,732.36,2283.70,53.95,530.17,1506.00,3300.02,8.47,3.04,274.19,123.69,9758.99,3118.66,2400.04,720.95,224.04,196.44,20856.32,0.00,42.84,477.00,11070.61,173.01,32.84,44241.16,28247.67,59454.15,31819.36,9745.47,2504.99,32654.35,2475.22,8167.50,3895.86,2052.88,1112.42,791.49,10.01,87.54,393.88,590.46,1754.18,473.39,1754.87,127.55,188.19,1877.03,8195.87,17811.20,18579.96,8891.38,37.87,151.34,0.00,4553.96,928.71,51.43,73686.04,3928.19,2678.76,778.92,1829.01,1437.43,484.17,4209.68,1.65,9.38,643.79,1526.68,596.85,158728.92,3876.51,76812.21,2431.09,10847.06,40966.44,1651.46,23131.81,934.25,55491.43,16928.02,430.60,659.17,81455.18,389.16,934.17,76.85,82.56,1124.20,186186.05,582.74,1328.14,41.04,171.15,893.35,0.00
11518.94,3149.64,864.42,274.02,590.33,480.48,452.08,1670.01,3616.73,182.00,11.58,1071.19,566.10,715.14,1382.47,531.18,8675.90,578.27,2093.52,41.44,412.96,1060.00,2486.16,6.26,1.85,454.85,71.68,6862.06,2162.32,1696.23,414.88,104.80,2057.89,291956.46,0.00,32.12,1135.81,8528.14,137.09,21.34,30830.88,12062.37,40150.33,16866.04,5704.33,1416.66,14747.53,1569.45,5681.25,3006.03,1323.72,709.95,532.87,7.67,61.40,170.66,189.35,1131.56,224.18,1051.11,52.47,139.80,1893.18,4802.44,9005.52,5574.94,5882.74,23.95,122.69,0.00,2211.48,525.86,27.91,20116.42,3230.09,1889.02,356.10,1160.01,714.13,186.88,2880.98,1.04,7.23,412.14,2373.74,1112.09,77595.75,2473.75,44004.36,1711.69,8569.10,67632.38,421.63,15441.51,727.78,2295.12,3306.79,203891.50,2960.31,41530.31,4778.51,15406.48,642.22,5873.44,5916.86,297704.42,531.36,956.07,38.82,809.48,901.71,0.00
5097.75,1256.77,382.58,121.37,261.25,212.69,200.09,737.35,1509.45,80.80,5.02,481.74,172.74,308.84,605.79,190.37,3655.36,250.11,776.81,18.08,179.05,351.52,1032.33,3.01,0.85,27.48,31.66,2426.09,957.03,684.05,158.37,46.33,85.61,3453.00,0.00,14.01,170.90,3780.55,58.34,9.76,13808.07,5205.72,18083.09,6415.07,2584.57,622.11,6531.42,692.98,2503.37,1330.31,583.48,320.01,247.17,3.40,31.38,75.58,76.15,374.98,92.99,559.16,26.49,62.71,1019.18,2125.95,3841.37,3185.18,2681.98,8.76,40.69,0.00,972.77,207.60,11.70,7200.39,1059.93,850.26,173.08,422.08,342.81,72.52,1140.84,0.52,3.05,118.99,310.50,147.42,33820.11,1045.33,18130.73,579.70,2939.31,5635.17,186.90,6802.09,281.96,71607.08,55535.53,63431.69,5838.38,2149.44,104.12,197.24,5.88,38.16,248.49,23048.29,139.12,422.69,12.48,88.07,281.75,0.00
0.00,0.00,0.00,0.00,0.00,0.00,0.00,46.33,226.13,0.00,0.24,0.98,24.93,39.54,2.41,0.30,135.67,2.97,8.26,0.69,0.31,2.03,58.54,0.00,0.00,33.51,615.69,3555.74,0.00,19.91,16.00,0.00,59.61,11034.04,0.00,113.56,189.69,5.14,0.01,0.53,144.16,1077.14,1086.55,21480.81,54.20,32.72,1814.78,28.47,167.30,0.01,22.43,40.00,496.89,0.02,23.16,976.32,0.10,18.37,88.99,66.29,8.03,20.44,1283.68,0.00,1210.89,824.18,1102.39,29.13,70.14,0.00,500.18,849.28,1.44,165437.50,861.45,106.14,263.22,349.82,205.67,4.51,467.64,0.01,0.01,321.13,6624.70,725.08,2369.82,82.38,5470.16,423.29,920.53,130751.20,75.03,803.98,257.10,22072.15,5087.07,11420.86,17288.28,191084.11,6204.39,17451.78,689.38,1923.74,6163.95,662067.64,109.69,253.53,5.45,464.86,378.74,0.00
5007.22,4962.12,1081.13,492.01,709.77,204.83,524.94,298.15,68.90,1872.71,118.44,550.92,1374.31,7893.54,63.10,37.28,9480.97,246.33,837.15,495.97,10.88,384.68,404.67,0.00,0.00,3298.77,738.09,109242.70,904.62,2394.79,19120.86,462.25,18956.74,1472.05,0.00,318.63,7249.59,6.16,0.12,0.56,525.75,1896.02,1248.03,630431.66,1.17,158.12,847.74,0.00,0.09,0.23,81.89,543.63,230.93,0.04,0.00,176.75,45.05,28.23,158.75,14.68,0.00,19.84,8322.97,42977.03,623.33,16.86,4443.42,0.00,137.04,0.00,38.43,113.61,5.30,279174.45,0.00,0.00,9470.37,57.66,0.00,162.44,77.08,0.03,0.02,0.00,22467.40,3830.84,59509.89,724.95,38640.03,12531.85,2371.28,29062.99,244.90,750.10,239.45,155267.60,7048.55,23118.85,1245.39,13699.91,307686.08,116378.79,16253.42,5082.98,19859.35,150312.31,4071.17,1126.22,11.36,1154.07,110.35,0.00
0.00,0.00,0.00,0.00,0.00,0.00,0.00,0.00,0.00,0.00,0.00,0.00,0.00,11875.10,0.00,0.00,0.00,0.00,0.00,0.00,0.00,0.00,0.00,0.00,0.00,0.00,0.00,22244.35,0.00,104455.64,0.00,0.00,22385.30,0.00,0.00,0.00,0.00,24.69,0.00,0.54,2149.35,32151.69,69433.14,416378.44,138.54,2244.45,133.55,2306.91,4.03,1.49,439.66,605.06,6996.20,0.11,1286.91,0.00,4565.08,0.00,2538.45,3682.44,1391.76,80.47,45837.40,0.00,258.09,41830.64,76809.88,216.94,1617.34,0.00,16033.13,3011.02,132.10,210794.19,7122.33,1908.28,5341.77,5165.35,3698.39,129.16,6904.63,0.46,0.19,5255.01,1505.41,0.00,0.00,0.00,0.00,0.00,0.00,0.00,0.00,0.00,0.00,0.00,0.00,0.00,0.00,0.00,0.00,0.00,0.00,0.00,0.00,0.00,0.00,0.00,0.00,0.00,0.00,0.00
0.00,0.00,0.00,0.00,0.00,0.00,0.00,0.00,0.00,0.00,0.73,116.55,34.21,104.11,0.00,0.00,0.00,0.00,5.97,0.00,0.00,0.00,0.00,0.00,0.00,0.00,0.00,790.44,59.31,0.00,0.00,5.08,2901.24,23279.04,0.00,0.00,1620.91,1.40,0.02,0.15,15.65,153.96,416.00,0.00,23.44,3.13,52.88,8.77,33.15,0.01,0.00,2.04,35.19,0.00,11.42,0.00,0.00,66.05,80.47,18.67,5.89,16.69,0.00,0.00,287.49,434.71,507.43,19.59,16.21,0.00,184.22,22.17,1.50,11512.20,399.11,9.84,161.59,47.11,19.03,2.81,62.96,0.00,0.01,116.10,3490.42,356.73,3684.83,38.96,3320.05,996.93,1754.14,2771.26,0.00,367.27,122.90,18470.12,1841.23,2908.36,1610.79,6736.79,11403.07,28582.22,3478.83,189.41,2946.72,17558.56,141.28,224.81,0.00,430.78,217.14,0.00
0.00,0.00,0.00,0.00,0.00,0.00,0.00,0.00,0.00,0.00,0.09,11.95,101.50,0.00,0.03,0.00,316.33,6.91,216.45,0.00,0.00,0.00,664.10,0.00,0.00,18.52,141.35,0.00,275.14,189.42,532.23,0.00,133.32,48035.69,0.00,114.06,8961.59,0.60,0.00,0.12,34.07,139.34,139.68,174528.19,67.56,4.86,1156.67,44.83,6.67,0.52,29.65,43.12,847.91,0.02,51.69,386.86,0.00,0.00,38.83,44.00,0.00,16.64,399.06,1998.40,336.98,384.13,3488.56,19.63,51.69,0.00,590.39,168.97,25.53,96250.13,0.00,102.13,205.43,43.09,197.89,3.50,57.62,0.00,0.01,311.60,1825.56,1040.69,4789.74,239.63,4371.88,401.42,704.16,403600.00,549.43,858.58,45.44,47894.30,904.74,9459.33,3499.25,13171.22,5279.37,12868.14,299.68,2383.81,3391.69,18731.21,1017.38,231.76,7.28,1312.31,4433.06,0.00
1026.79,667.38,0.00,0.00,69.37,71.37,0.00,0.00,32.48,2782.53,0.57,44.40,11.56,104.42,7.26,0.00,26.14,0.57,102.28,0.00,0.01,0.10,533.53,0.00,0.00,1380.05,10211.78,5957.12,18.47,573.68,1695.77,1242.14,3217.32,9939.24,0.00,0.00,2133.24,4.69,0.07,2.41,324.72,1313.75,596.83,26941.90,91.74,50.13,2232.27,35.28,229.07,0.05,0.49,4.76,609.55,0.06,84.20,0.00,142.82,23.96,162.03,107.33,154.33,45.89,220.76,0.00,564.07,699.88,800.81,28.86,190.79,0.00,1345.97,165.45,19.39,15508.47,4169.77,432.14,415.37,43.55,837.47,7.11,58.22,0.04,0.02,807.12,16981.45,7937.43,6733.47,170.03,5285.09,1332.59,6928.04,5645.28,20.61,351.70,351.01,99482.25,3344.34,5148.99,6604.07,15968.81,17806.72,34637.83,8686.15,746.88,3957.28,11324.72,2933.78,329.37,7.31,2421.46,1116.63,0.00
0.00,0.00,0.00,0.00,0.00,0.00,0.00,0.00,0.00,0.00,0.00,0.00,0.00,0.00,0.00,0.00,0.00,0.00,0.00,0.00,0.00,0.00,0.00,0.00,0.00,0.00,0.00,0.00,0.00,0.00,0.00,0.00,0.00,0.00,0.00,0.00,0.00,0.00,0.00,0.00,0.00,0.00,0.00,0.00,0.00,0.00,0.00,0.00,0.00,0.00,0.00,0.00,0.00,0.00,0.00,0.00,0.00,0.00,0.00,0.00,0.00,0.00,0.00,0.00,0.00,0.00,0.00,0.00,0.00,0.00,0.00,0.00,0.00,0.00,0.00,0.00,0.00,0.00,0.00,0.00,0.00,0.00,0.00,0.00,0.00,0.00,0.00,0.00,0.00,0.00,0.00,0.00,0.00,0.00,0.00,0.00,0.00,0.00,0.00,0.00,0.00,0.00,0.00,0.00,0.00,0.00,0.00,0.00,0.00,0.00,0.00,0.00
0.00,0.00,0.00,0.00,0.00,0.00,0.00,0.00,0.00,0.00,0.00,0.00,0.00,0.00,0.00,0.00,0.00,0.00,0.00,0.00,0.00,0.00,0.00,0.00,0.00,0.00,0.00,0.00,0.00,0.00,0.00,0.00,2.13,0.00,0.00,0.00,0.00,0.35,0.05,0.01,1.50,274.05,3.85,917.78,0.00,0.39,90.21,20.58,30.52,0.00,0.58,2.20,20.42,0.00,2.42,0.00,0.00,0.00,2.55,4.79,0.00,0.47,2213.96,0.00,39.36,37.68,288.25,0.17,3.95,0.00,22.28,1.48,0.00,20332.21,2.78,1.82,26.23,5.11,3.55,0.44,6.85,0.00,0.00,17.06,145.68,0.00,156.41,22.52,728.17,74.37,129.57,3093.19,0.00,39.57,140.18,232.39,130.93,1348.58,246.03,5322.20,2327.71,4830.03,346.47,0.00,1347.83,6467.00,5681.45,753.92,2.99,15.28,1079.01,0.00
0.00,0.00,0.00,0.00,0.00,0.00,0.00,0.00,0.00,0.00,0.01,0.00,2.40,0.00,0.00,0.00,0.00,0.00,0.00,0.00,1.42,9.27,24.97,4.53,2.56,0.00,0.00,906.26,0.00,0.00,0.00,0.00,164.57,1450.50,0.00,0.00,155.14,0.35,0.01,0.02,10.47,246.09,72.15,124.62,3.88,0.98,12.41,9.85,12.36,0.00,15.63,20.33,41.30,0.00,8.72,0.00,0.00,0.00,1.83,12.62,0.32,1.52,410.89,0.00,37.18,83.67,528.52,5.38,13.50,0.00,32.98,11.43,0.31,6064.06,1264.91,4.06,8.51,76.57,7.83,0.16,102.34,0.00,0.00,17.64,2923.27,633.11,787.99,22.04,896.42,159.82,1966.56,1215.33,1.78,0.00,21.12,886.35,39.59,401.76,831.75,4328.21,22.36,47.44,134.59,97.62,754.51,1185.83,2.70,221.60,9.79,63.53,204.20,0.00
0.00,0.00,0.00,0.00,0.00,0.00,0.00,18.54,44.42,0.00,0.01,2.31,6.72,0.00,0.35,0.78,0.00,0.00,7.87,0.00,0.45,2.91,38.35,0.00,0.00,0.00,0.00,176.54,1.74,23.45,148.93,40.34,0.00,0.00,0.00,0.00,0.00,0.00,0.00,0.00,0.54,0.51,0.00,1005.02,0.00,0.49,0.00,0.00,0.00,0.00,1.12,0.03,0.00,0.00,3.93,0.00,0.00,0.00,4.74,3.96,4.44,0.04,98.18,0.00,70.95,24.77,126.52,0.59,0.00,0.00,18.50,6.11,0.00,1885.14,0.00,1.17,0.00,0.00,2.28,0.00,0.00,0.00,0.00,6.89,0.00,0.00,0.00,0.00,0.00,0.00,0.00,358.91,0.67,1.65,2.42,677.22,62.20,56.17,75.01,352.65,79.91,250.02,3.30,41.51,74.21,149.47,0.00,3.26,0.92,105.72,61.58,0.00
0.00,0.00,0.00,0.00,0.00,0.00,0.00,0.00,0.00,0.00,0.00,0.00,0.00,0.00,0.00,0.00,0.00,0.00,0.00,0.00,0.00,0.00,0.00,0.00,0.00,0.00,0.00,0.00,0.00,0.00,0.00,0.00,3.21,0.00,0.00,0.00,0.00,0.00,0.00,0.00,0.00,0.00,0.00,0.00,0.00,0.00,0.00,0.00,0.00,0.00,0.00,0.00,0.00,0.00,0.00,0.00,0.00,0.00,0.00,0.00,0.00,0.00,0.00,0.00,0.00,0.00,0.00,0.00,0.00,0.00,0.00,0.00,0.00,0.00,0.00,0.00,0.00,0.00,0.00,0.00,0.00,0.00,0.00,0.00,0.00,0.00,0.00,0.00,0.00,0.00,0.00,0.00,0.00,60.14,12.35,926.57,6.10,65.54,68.21,1402.14,81.55,26.89,0.00,0.00,102.22,8122.11,33.66,0.00,0.00,1502.12,0.00,0.00
0.00,0.00,0.00,1.75,0.99,2.06,0.00,0.00,3.68,0.00,0.01,0.00,0.00,0.00,0.10,0.00,73.53,1.61,1.18,0.00,0.00,0.00,0.00,0.00,0.00,13.44,315.79,0.00,0.00,4.82,3.61,168.23,0.00,0.00,0.00,0.30,24.88,1.65,0.00,0.00,0.08,0.00,0.00,0.00,0.00,0.50,0.00,0.00,0.00,0.00,0.00,0.00,0.00,0.00,0.00,0.00,16.69,0.00,0.00,0.00,0.00,0.00,0.00,0.00,0.00,0.00,0.00,0.00,0.00,0.00,0.00,0.00,0.00,0.00,0.00,0.00,0.00,0.00,0.00,0.00,0.00,0.00,0.00,0.33,0.00,0.00,59.39,17.01,279.02,16.75,72.81,93.28,0.00,12.31,0.20,2572.98,0.98,8.23,158.32,0.00,148.05,65.57,17.04,0.00,428.12,2532.39,1.40,55.39,0.30,31.67,9.59,0.00
0.00,0.00,0.00,0.00,0.00,0.00,0.00,0.00,0.00,0.00,0.00,0.00,0.00,0.00,0.00,0.00,0.00,0.00,0.00,0.00,0.00,0.00,0.00,0.00,0.00,0.00,0.00,0.00,0.00,0.00,0.00,0.00,0.00,0.00,0.00,0.00,0.00,0.00,0.00,0.00,0.00,0.00,0.00,0.00,0.00,0.00,0.00,0.00,0.00,0.00,0.00,0.00,0.00,0.00,0.00,0.00,0.00,0.00,0.00,0.00,0.00,0.00,0.00,0.00,0.00,0.00,0.00,0.00,0.00,0.00,0.00,0.00,0.00,0.00,0.00,0.00,0.00,0.00,0.00,0.00,0.00,0.00,0.00,0.00,0.00,0.00,0.00,0.00,0.00,0.00,0.00,0.00,0.00,0.00,0.00,0.00,0.00,0.00,0.00,0.00,0.00,0.00,0.00,0.00,0.00,0.00,0.00,0.00,0.00,0.00,0.00,0.00
